name,url
"11 BIT STUDIOS SPÓŁKA AKCYJNA (11B)Główny Rynek | WIG140, WIG-gry, WIGtechTR, WIG-ESG, WIGtech, WIG.GAMES5, mWIG40TR, WIG-Poland, mWIG40, WIG, CEEplus | Gry",https://www.gpw.pl/spolka?isin=PL11BTS00015
"3R GAMES SPÓŁKA AKCYJNA (3RG)Główny Rynek | WIG-gry, WIGtechTR, WIGtech, WIG-Poland, WIG | Gry",https://www.gpw.pl/spolka?isin=PLGRNKT00019
AB INTER RAO LIETUVA (IRL)Główny Rynek | energetyka,https://www.gpw.pl/spolka?isin=LT0000128621
"AB NOVATURAS (NTU)Główny Rynek | WIG-CEE, WIG | biura podróży",https://www.gpw.pl/spolka?isin=LT0000131872
"AB SPÓŁKA AKCYJNA (ABE)Główny Rynek | WIG140, sWIG80TR, WIG-Poland, sWIG80, WIG | komputery i elektronika",https://www.gpw.pl/spolka?isin=PLAB00000019
"AC SPÓŁKA AKCYJNA (ACG)Główny Rynek | WIG140, INNOVATOR, sWIG80TR, WIG-motoryzacja, WIG-Poland, sWIG80, WIG | części samochodowe",https://www.gpw.pl/spolka?isin=PLACSA000014
"ACTION SPÓŁKA AKCYJNA (ACT)Główny Rynek | WIG140, sWIG80TR, WIG-Poland, sWIG80, WIG | komputery i elektronika",https://www.gpw.pl/spolka?isin=PLACTIN00018
"ADIUVO INVESTMENTS SPÓŁKA AKCYJNA (ADV)Główny Rynek | WIG-Poland, WIG | Sprzęt i Materiały Medyczne",https://www.gpw.pl/spolka?isin=PLADVIV00015
"AGORA SPÓŁKA AKCYJNA (AGO)Główny Rynek | WIG140, sWIG80TR, WIG-Poland, WIG-media, sWIG80, WIG | wydawnictwa",https://www.gpw.pl/spolka?isin=PLAGORA00067
"AGROTON PUBLIC LIMITED (AGT)Główny Rynek | WIG-CEE, WIG-Ukraine, WIG-spożywczy, WIG | produkcja rolna i rybołówstwo",https://www.gpw.pl/spolka?isin=CY0101062111
"AILLERON SPÓŁKA AKCYJNA (ALL)Główny Rynek | WIG140, WIGtechTR, WIGtech, sWIG80TR, WIG-Poland, WIG-informatyka, sWIG80, WIG, CEEplus | oprogramowanie",https://www.gpw.pl/spolka?isin=PLWNDMB00010
"AIRWAY MEDIX SPÓŁKA AKCYJNA (AWM)Główny Rynek | WIG-Poland, WIG | Sprzęt i Materiały Medyczne",https://www.gpw.pl/spolka?isin=PLAIRWY00017
"ALIOR BANK SPÓŁKA AKCYJNA (ALR)Główny Rynek | WIG140, WIG-ESG, WIG.MS-FIN, WIG30TR, WIG30, WIG20TR, WIG-Poland, WIG-banki, WIG20, WIG, CEEplus | banki komercyjne",https://www.gpw.pl/spolka?isin=PLALIOR00045
"ALL IN! GAMES SPÓŁKA AKCYJNA (ALG)Główny Rynek | WIG-gry, WIGtechTR, WIGtech, WIG-Poland, WIG | Gry",https://www.gpw.pl/spolka?isin=PLSNTFG00017
"ALLEGRO.EU S.A. (ALE)Główny Rynek | WIG140, WIG-ESG, WIG30TR, WIG30, WIG20TR, WIG-Poland, WIG20, WIG, CEEplus | Handel Internetowy",https://www.gpw.pl/spolka?isin=LU2237380790
"ALTA SPÓŁKA AKCYJNA (AAT)Główny Rynek | WIG-Poland, WIG-nieruchomości, WIG | sprzedaż nieruchomości",https://www.gpw.pl/spolka?isin=PLTRNSU00013
"ALTUS SPÓŁKA AKCYJNA (ALI)Główny Rynek | WIG-Poland, WIG | zarządzanie aktywami",https://www.gpw.pl/spolka?isin=PLATTFI00018
ALUMETAL SPÓŁKA AKCYJNA (AML)Główny Rynek | hutnictwo metali nieżelaznych,https://www.gpw.pl/spolka?isin=PLALMTL00023
"AMBRA SPÓŁKA AKCYJNA (AMB)Główny Rynek | WIG140, sWIG80TR, WIGdiv, WIG-Poland, WIG-spożywczy, sWIG80, WIG | napoje",https://www.gpw.pl/spolka?isin=PLAMBRA00013
"AMICA SPÓŁKA AKCYJNA (AMC)Główny Rynek | WIG140, sWIG80TR, WIG-Poland, sWIG80, WIG | sprzęt elektryczny i elektroniczny",https://www.gpw.pl/spolka?isin=PLAMICA00010
"AILLERON SPÓŁKA AKCYJNA (ALL)Główny Rynek | WIG140, WIGtechTR, WIGtech, sWIG80TR, WIG-Poland, WIG-informatyka, sWIG80, WIG, CEEplus | oprogramowanie",https://www.gpw.pl/spolka?isin=PLWNDMB00010
"AIRWAY MEDIX SPÓŁKA AKCYJNA (AWM)Główny Rynek | WIG-Poland, WIG | Sprzęt i Materiały Medyczne",https://www.gpw.pl/spolka?isin=PLAIRWY00017
"ALIOR BANK SPÓŁKA AKCYJNA (ALR)Główny Rynek | WIG140, WIG-ESG, WIG.MS-FIN, WIG30TR, WIG30, WIG20TR, WIG-Poland, WIG-banki, WIG20, WIG, CEEplus | banki komercyjne",https://www.gpw.pl/spolka?isin=PLALIOR00045
"ALL IN! GAMES SPÓŁKA AKCYJNA (ALG)Główny Rynek | WIG-gry, WIGtechTR, WIGtech, WIG-Poland, WIG | Gry",https://www.gpw.pl/spolka?isin=PLSNTFG00017
"ALLEGRO.EU S.A. (ALE)Główny Rynek | WIG140, WIG-ESG, WIG30TR, WIG30, WIG20TR, WIG-Poland, WIG20, WIG, CEEplus | Handel Internetowy",https://www.gpw.pl/spolka?isin=LU2237380790
"ALTA SPÓŁKA AKCYJNA (AAT)Główny Rynek | WIG-Poland, WIG-nieruchomości, WIG | sprzedaż nieruchomości",https://www.gpw.pl/spolka?isin=PLTRNSU00013
"ALTUS SPÓŁKA AKCYJNA (ALI)Główny Rynek | WIG-Poland, WIG | zarządzanie aktywami",https://www.gpw.pl/spolka?isin=PLATTFI00018
ALUMETAL SPÓŁKA AKCYJNA (AML)Główny Rynek | hutnictwo metali nieżelaznych,https://www.gpw.pl/spolka?isin=PLALMTL00023
"AMBRA SPÓŁKA AKCYJNA (AMB)Główny Rynek | WIG140, sWIG80TR, WIGdiv, WIG-Poland, WIG-spożywczy, sWIG80, WIG | napoje",https://www.gpw.pl/spolka?isin=PLAMBRA00013
"AMICA SPÓŁKA AKCYJNA (AMC)Główny Rynek | WIG140, sWIG80TR, WIG-Poland, sWIG80, WIG | sprzęt elektryczny i elektroniczny",https://www.gpw.pl/spolka?isin=PLAMICA00010
AMPLI SPÓŁKA AKCYJNA (APL)Główny Rynek | artykuły elektryczne,https://www.gpw.pl/spolka?isin=PLAMPLI00019
"AMREST HOLDINGS SE (EAT)Główny Rynek | WIG140, WIG-ESG, mWIG40TR, WIG-Poland, mWIG40, WIG, CEEplus | hotele i restauracje",https://www.gpw.pl/spolka?isin=ES0105375002
"ANSWEAR.COM SPÓŁKA AKCYJNA (ANR)Główny Rynek | WIG-Poland, WIG | Handel Internetowy",https://www.gpw.pl/spolka?isin=PLANSWR00019
"APATOR SPÓŁKA AKCYJNA (APT)Główny Rynek | WIG140, sWIG80TR, WIGdiv, WIG-Poland, sWIG80, WIG | urządzenia elektryczne",https://www.gpw.pl/spolka?isin=PLAPATR00018
"APLISENS SPÓŁKA AKCYJNA (APN)Główny Rynek | WIG-Poland, WIG | urządzenia elektryczne",https://www.gpw.pl/spolka?isin=PLAPLS000016
"APS ENERGIA SPÓŁKA AKCYJNA (APE)Główny Rynek | WIG-Poland, WIG | urządzenia elektryczne",https://www.gpw.pl/spolka?isin=PLAPSEN00011
ARCHICOM SPÓŁKA AKCYJNA (ARH)Główny Rynek | sprzedaż nieruchomości,https://www.gpw.pl/spolka?isin=PLARHCM00099
ARCHICOM SPÓŁKA AKCYJNA (ARH)Główny Rynek | sprzedaż nieruchomości,https://www.gpw.pl/spolka?isin=PLARHCM00016
"ARCTIC PAPER SPÓŁKA AKCYJNA (ATC)Główny Rynek | WIG140, WIG-ESG, mWIG40TR, WIG-Poland, mWIG40, WIG, CEEplus | papier i opakowania",https://www.gpw.pl/spolka?isin=PLARTPR00012
"ARTIFEX MUNDI SPÓŁKA AKCYJNA (ART)Główny Rynek | WIG-gry, WIGtechTR, WIGtech, WIG-Poland, WIG | Gry",https://www.gpw.pl/spolka?isin=PLARTFX00011
"AS SILVANO FASHION GROUP (SFG)Główny Rynek | WIG-odzież, WIG | odzież i obuwie",https://www.gpw.pl/spolka?isin=EE3100001751
"ASBISC ENTERPRISES PLC (ASB)Główny Rynek | WIG140, WIG-ESG, mWIG40TR, WIGdiv, mWIG40, WIG, CEEplus | komputery i elektronika",https://www.gpw.pl/spolka?isin=CY1000031710
ASM GROUP SPÓŁKA AKCYJNA (ASM)Główny Rynek | reklama i marketing,https://www.gpw.pl/spolka?isin=PLASMGR00014
"ASSECO BUSINESS SOLUTIONS SPÓŁKA AKCYJNA (ABS)Główny Rynek | WIG140, WIGtechTR, WIGtech, sWIG80TR, WIG-Poland, WIG-informatyka, sWIG80, WIG | oprogramowanie",https://www.gpw.pl/spolka?isin=PLABS0000018
"ASSECO POLAND SPÓŁKA AKCYJNA (ACP)Główny Rynek | WIG140, WIGtechTR, WIG-ESG, WIGtech, WIG30TR, WIG30, WIG20TR, WIGdiv, WIG-Poland, WIG-informatyka, WIG20, WIG, CEEplus | systemy informatyczne",https://www.gpw.pl/spolka?isin=PLSOFTB00016
"ASSECO SOUTH EASTERN EUROPE SPÓŁKA AKCYJNA (ASE)Główny Rynek | WIG140, WIGtechTR, WIGtech, sWIG80TR, WIGdiv, WIG-Poland, WIG-informatyka, sWIG80, WIG | oprogramowanie",https://www.gpw.pl/spolka?isin=PLASSEE00014
"ASTARTA HOLDING PLC (AST)Główny Rynek | WIG140, sWIG80TR, WIG-CEE, WIG-Ukraine, WIG-spożywczy, sWIG80, WIG, CEEplus | produkcja rolna i rybołówstwo",https://www.gpw.pl/spolka?isin=NL0000686509
"ATAL SPÓŁKA AKCYJNA (1AT)Główny Rynek | WIG140, sWIG80TR, WIG-Poland, WIG-nieruchomości, sWIG80, WIG | sprzedaż nieruchomości",https://www.gpw.pl/spolka?isin=PLATAL000046
"ATENDE SPÓŁKA AKCYJNA (ATD)Główny Rynek | WIGtechTR, WIGtech, WIG-Poland, WIG-informatyka, WIG | systemy informatyczne",https://www.gpw.pl/spolka?isin=PLATMSI00016
"ATLANTA POLAND SPÓŁKA AKCYJNA (ATP)Główny Rynek | WIG-Poland, WIG-spożywczy, WIG | żywność",https://www.gpw.pl/spolka?isin=PLATLPL00018
"ATLANTIS SE (ATS)Główny Rynek | WIG-Poland, WIG | Działalność Inwestycyjna",https://www.gpw.pl/spolka?isin=EE3100063686
"ATM GRUPA SPÓŁKA AKCYJNA (ATG)Główny Rynek | WIGdiv, WIG-Poland, WIG-media, WIG | radio i telewizja",https://www.gpw.pl/spolka?isin=PLATM0000021
"ATREM SPÓŁKA AKCYJNA (ATR)Główny Rynek | WIG-Poland, WIG-budownictwo, WIG | instalacje budowlane i telekomunikacyjne",https://www.gpw.pl/spolka?isin=PLATREM00017
"AUTO PARTNER SPÓŁKA AKCYJNA (APR)Główny Rynek | WIG140, WIG-ESG, mWIG40TR, WIG-motoryzacja, WIG-Poland, mWIG40, WIG, CEEplus | części samochodowe",https://www.gpw.pl/spolka?isin=PLATPRT00018
BALTIC BRIDGE SPÓŁKA AKCYJNA (WIS)Główny Rynek | Działalność Inwestycyjna,https://www.gpw.pl/spolka?isin=PLARIEL00046
"BANCO SANTANDER S.A. (SAN)Główny Rynek | WIG-banki, WIG | banki komercyjne",https://www.gpw.pl/spolka?isin=ES0113900J37
"BANK HANDLOWY W WARSZAWIE SPÓŁKA AKCYJNA (BHW)Główny Rynek | WIG140, WIG-ESG, mWIG40TR, WIG-Poland, WIG-banki, mWIG40, WIG, CEEplus | banki komercyjne",https://www.gpw.pl/spolka?isin=PLBH00000012
"BANK MILLENNIUM SPÓŁKA AKCYJNA (MIL)Główny Rynek | WIG140, WIG-ESG, mWIG40TR, WIG30TR, WIG30, WIG-Poland, WIG-banki, mWIG40, WIG, CEEplus | banki komercyjne",https://www.gpw.pl/spolka?isin=PLBIG0000016
"BANK OCHRONY ŚRODOWISKA SPÓŁKA AKCYJNA (BOS)Główny Rynek | WIG140, sWIG80TR, WIG-Poland, WIG-banki, sWIG80, WIG | banki komercyjne",https://www.gpw.pl/spolka?isin=PLBOS0000019
"BANK POLSKA KASA OPIEKI SPÓŁKA AKCYJNA (PEO)Główny Rynek | WIG140, WIG-ESG, WIG.MS-FIN, WIG30TR, WIG30, WIG20TR, WIG-Poland, WIG-banki, WIG20, WIG, CEEplus | banki komercyjne",https://www.gpw.pl/spolka?isin=PLPEKAO00016
"BBI DEVELOPMENT SPÓŁKA AKCYJNA (BBD)Główny Rynek | WIG-Poland, WIG-nieruchomości, WIG | sprzedaż nieruchomości",https://www.gpw.pl/spolka?isin=PLNFI1200018
"BENEFIT SYSTEMS SPÓŁKA AKCYJNA (BFT)Główny Rynek | WIG140, WIG-ESG, mWIG40TR, WIG-Poland, mWIG40, WIG, CEEplus | rekreacja i wypoczynek - pozostałe",https://www.gpw.pl/spolka?isin=PLBNFTS00018
BEST SPÓŁKA AKCYJNA (BST)Główny Rynek | Wierzytelności,https://www.gpw.pl/spolka?isin=PLBEST000010
"BETACOM SPÓŁKA AKCYJNA (BCM)Główny Rynek | INNOVATOR, WIGtechTR, WIGtech, WIG-Poland, WIG-informatyka, WIG | oprogramowanie",https://www.gpw.pl/spolka?isin=PLBTCOM00016
"BIG CHEESE STUDIO SPÓŁKA AKCYJNA (BCS)Główny Rynek | WIG-gry, WIGtechTR, WIGtech, WIG-Poland, WIG, CEEplus | Gry",https://www.gpw.pl/spolka?isin=PLA340200015
BIO PLANET SPÓŁKA AKCYJNA (BIP)Główny Rynek | artykuły codziennego użytku,https://www.gpw.pl/spolka?isin=PLBIOPL00013
"BIOCELTIX SPÓŁKA AKCYJNA (BCX)Główny Rynek | WIG140, WIGtechTR, WIGtech, sWIG80TR, WIG-Poland, sWIG80, WIG | Biotechnologia",https://www.gpw.pl/spolka?isin=PLBCLTX00019
"BIOMAXIMA SPÓŁKA AKCYJNA (BMX)Główny Rynek | WIGtechTR, WIGtech, WIG-Poland, WIG | Biotechnologia",https://www.gpw.pl/spolka?isin=PLBIOMX00015
"BIOTON SPÓŁKA AKCYJNA (BIO)Główny Rynek | WIG140, sWIG80TR, WIG-leki, WIG-Poland, sWIG80, WIG | Produkcja Leków",https://www.gpw.pl/spolka?isin=PLBIOTN00029
BLUGO SPÓŁKA AKCYJNA (YOL)Główny Rynek | Pośrednictwo Finansowe,https://www.gpw.pl/spolka?isin=PLPRESC00018
"BNP PARIBAS BANK POLSKA SPÓŁKA AKCYJNA (BNP)Główny Rynek | WIG140, WIG-ESG, sWIG80TR, WIG-Poland, WIG-banki, sWIG80, WIG, CEEplus | banki komercyjne",https://www.gpw.pl/spolka?isin=PLBGZ0000010
"BOOMBIT SPÓŁKA AKCYJNA (BBT)Główny Rynek | WIG-gry, WIGtechTR, WIGtech, WIG-Poland, WIG | Gry",https://www.gpw.pl/spolka?isin=PLBMBIT00010
"BORYSZEW SPÓŁKA AKCYJNA (BRS)Główny Rynek | WIG140, sWIG80TR, WIG-Poland, sWIG80, WIG | hutnictwo metali nieżelaznych",https://www.gpw.pl/spolka?isin=PLBRSZW00011
"BOWIM SPÓŁKA AKCYJNA (BOW)Główny Rynek | WIG-Poland, WIG | wyroby hutnicze",https://www.gpw.pl/spolka?isin=PLBOWM000019
"BRAND 24 SPÓŁKA AKCYJNA (B24)Główny Rynek | WIGtechTR, WIGtech, WIG-Poland, WIG-informatyka, WIG | oprogramowanie",https://www.gpw.pl/spolka?isin=PLBRN2400013
BRASTER SPÓŁKA AKCYJNA (BRA)Główny Rynek | Sprzęt i Materiały Medyczne,https://www.gpw.pl/spolka?isin=PLBRSTR00014
BRITISH AUTOMOTIVE HOLDING SPÓŁKA AKCYJNA W UPADŁOŚCI (BAH)Główny Rynek | motoryzacja - pozostałe,https://www.gpw.pl/spolka?isin=PLMRVPL00016
"BUDIMEX SPÓŁKA AKCYJNA (BDX)Główny Rynek | WIG140, INNOVATOR, WIG-ESG, mWIG40TR, WIG30TR, WIG30, WIGdiv, WIG-Poland, WIG-budownictwo, mWIG40, WIG, CEEplus | budownictwo ogólne",https://www.gpw.pl/spolka?isin=PLBUDMX00013
"BUMECH SPÓŁKA AKCYJNA (BMC)Główny Rynek | WIG140, WIG-ESG, mWIG40TR, WIG-Poland, mWIG40, WIG, CEEplus | urządzenia mechaniczne",https://www.gpw.pl/spolka?isin=PLBMECH00012
CAPITAL PARTNERS SPÓŁKA AKCYJNA (CPA)Główny Rynek | Działalność Inwestycyjna,https://www.gpw.pl/spolka?isin=PLCPTLP00015
CAPITEA SPÓŁKA AKCYJNA (CAP)Główny Rynek | Wierzytelności,https://www.gpw.pl/spolka?isin=PLGTBCK00297
"CAPTOR THERAPEUTICS SPÓŁKA AKCYJNA (CTX)Główny Rynek | WIG140, WIGtechTR, WIGtech, sWIG80TR, WIG-Poland, sWIG80, WIG | Biotechnologia",https://www.gpw.pl/spolka?isin=PLCPTRT00014
"CASPAR ASSET MANAGEMENT SPÓŁKA AKCYJNA (CSR)Główny Rynek | WIG-Poland, WIG | zarządzanie aktywami",https://www.gpw.pl/spolka?isin=PLCSPAM00017
"CAVATINA HOLDING SPÓŁKA AKCYJNA (CAV)Główny Rynek | WIG-Poland, WIG-nieruchomości, WIG | wynajem nieruchomości",https://www.gpw.pl/spolka?isin=PLCVTNH00040
"CCC SPÓŁKA AKCYJNA (CCC)Główny Rynek | WIG140, INNOVATOR, WIG-ESG, mWIG40TR, WIG-odzież, WIG30TR, WIG30, WIG-Poland, mWIG40, WIG, CEEplus | odzież i obuwie",https://www.gpw.pl/spolka?isin=PLCCC0000016
"CD PROJEKT SPÓŁKA AKCYJNA (CDR)Główny Rynek | WIG140, WIG-gry, WIGtechTR, WIG-ESG, WIGtech, WIG.GAMES5, WIG30TR, WIG30, WIG20TR, WIG-Poland, WIG20, WIG, CEEplus | Gry",https://www.gpw.pl/spolka?isin=PLOPTTC00011
"CDRL SPÓŁKA AKCYJNA (CDL)Główny Rynek | WIG-odzież, WIG-Poland, WIG | odzież i obuwie",https://www.gpw.pl/spolka?isin=PLCDRL000043
"CELON PHARMA SPÓŁKA AKCYJNA (CLN)Główny Rynek | WIG140, sWIG80TR, WIG-leki, WIGdiv, WIG-Poland, sWIG80, WIG, CEEplus | Produkcja Leków",https://www.gpw.pl/spolka?isin=PLCLNPH00015
"CENTRUM MEDYCZNE ENEL-MED SPÓŁKA AKCYJNA (ENE)Główny Rynek | WIG-Poland, WIG | Szpitale i Przychodnie",https://www.gpw.pl/spolka?isin=PLENLMD00017
"ČEZ. A.S. (CEZ)Główny Rynek | WIG-CEE, WIG-energia, WIG, CEEplus | energetyka",https://www.gpw.pl/spolka?isin=CZ0005112300
CFI HOLDING SPÓŁKA AKCYJNA (CFI)Główny Rynek | hotele i restauracje,https://www.gpw.pl/spolka?isin=PLINTKS00013
"CI GAMES SPÓŁKA EUROPEJSKA (CIG)Główny Rynek | WIG140, WIG-gry, WIGtechTR, WIG-ESG, WIGtech, WIG.GAMES5, mWIG40TR, WIG-Poland, mWIG40, WIG, CEEplus | Gry",https://www.gpw.pl/spolka?isin=PLCTINT00018
CIECH SPÓŁKA AKCYJNA (CIE)Główny Rynek | chemia podstawowa,https://www.gpw.pl/spolka?isin=PLCIECH00018
"CITY SERVICE SE (CTS)Główny Rynek | WIG-CEE, WIG | Usługi dla Przedsiębiorstw",https://www.gpw.pl/spolka?isin=EE3100126368
CLEAN&CARBON ENERGY SPÓŁKA AKCYJNA (CCE)Główny Rynek | nieruchomości - pozostałe,https://www.gpw.pl/spolka?isin=PLKAREN00014
"CLOUD TECHNOLOGIES SPÓŁKA AKCYJNA (CLD)Główny Rynek | WIGtechTR, WIGtech, WIG-Poland, WIG | Nowe Technologie",https://www.gpw.pl/spolka?isin=PLCLDTC00019
"COAL ENERGY S.A. (CLE)Główny Rynek | WIG-CEE, WIG-Ukraine, WIG-górnictwo, WIG | górnictwo węgla",https://www.gpw.pl/spolka?isin=LU0646112838
"COGNOR HOLDING SPÓŁKA AKCYJNA (COG)Główny Rynek | WIG140, sWIG80TR, WIG-Poland, sWIG80, WIG, CEEplus | hutnictwo żelaza i stali",https://www.gpw.pl/spolka?isin=PLCNTSL00014
"COLUMBUS ENERGY SPÓŁKA AKCYJNA (CLC)Główny Rynek | WIG-energia, WIG-Poland, WIG, CEEplus | energia odnawialna",https://www.gpw.pl/spolka?isin=PLSTIGR00012
"COMARCH SPÓŁKA AKCYJNA (CMR)Główny Rynek | WIG140, WIGtechTR, WIG-ESG, WIGtech, mWIG40TR, WIGdiv, WIG-Poland, WIG-informatyka, mWIG40, WIG, CEEplus | systemy informatyczne",https://www.gpw.pl/spolka?isin=PLCOMAR00012
"COMP SPÓŁKA AKCYJNA (CMP)Główny Rynek | WIG140, WIGtechTR, WIGtech, sWIG80TR, WIG-Poland, WIG-informatyka, sWIG80, WIG | oprogramowanie",https://www.gpw.pl/spolka?isin=PLCMP0000017
"COMPERIA.PL SPÓŁKA AKCYJNA (CPL)Główny Rynek | WIG-Poland, WIG-media, WIG | portale internetowe",https://www.gpw.pl/spolka?isin=PLCOMPR00010
"COMPREMUM SPÓŁKA AKCYJNA (CPR)Główny Rynek | WIG-Poland, WIG-budownictwo, WIG | materiały budowlane",https://www.gpw.pl/spolka?isin=PLPZBDT00013
"CPD SPÓŁKA AKCYJNA (CPD)Główny Rynek | WIG-Poland, WIG-nieruchomości, WIG | wynajem nieruchomości",https://www.gpw.pl/spolka?isin=PLCELPD00013
CPI FIM SA (OPG)Główny Rynek | wynajem nieruchomości,https://www.gpw.pl/spolka?isin=LU0122624777
"CREEPY JAR SPÓŁKA AKCYJNA (CRJ)Główny Rynek | WIG140, WIG-gry, WIGtechTR, WIGtech, sWIG80TR, WIG-Poland, sWIG80, WIG, CEEplus | Gry",https://www.gpw.pl/spolka?isin=PLCRPJR00019
"CREOTECH INSTRUMENTS SPÓŁKA AKCYJNA (CRI)Główny Rynek | WIGtechTR, WIGtech, WIG-Poland, WIG | Nowe Technologie",https://www.gpw.pl/spolka?isin=PLCRTCH00017
"CYBER_FOLKS SPÓŁKA AKCYJNA (CBF)Główny Rynek | WIG140, WIGtechTR, WIGtech, sWIG80TR, WIG-Poland, sWIG80, WIG, CEEplus | Nowe Technologie",https://www.gpw.pl/spolka?isin=PLR220000018
"CYFROWY POLSAT SPÓŁKA AKCYJNA (CPS)Główny Rynek | WIG140, WIGtechTR, WIG-ESG, WIGtech, WIG30TR, WIG30, WIG20TR, WIG-Poland, WIG20, WIG, CEEplus | Telekomunikacja",https://www.gpw.pl/spolka?isin=PLCFRPT00013
CZERWONA TOREBKA SPÓŁKA AKCYJNA (CZT)Główny Rynek | wynajem nieruchomości,https://www.gpw.pl/spolka?isin=PLCRWTR00022
"DADELO SPÓŁKA AKCYJNA (DAD)Główny Rynek | WIG-Poland, WIG | Handel Internetowy",https://www.gpw.pl/spolka?isin=PLDADEL00013
"DATAWALK SPÓŁKA AKCYJNA (DAT)Główny Rynek | WIG140, WIGtechTR, WIGtech, sWIG80TR, WIG-Poland, WIG-informatyka, sWIG80, WIG, CEEplus | oprogramowanie",https://www.gpw.pl/spolka?isin=PLPILAB00012
"DB ENERGY SPÓŁKA AKCYJNA (DBE)Główny Rynek | WIG-Poland, WIG-budownictwo, WIG | instalacje budowlane i telekomunikacyjne",https://www.gpw.pl/spolka?isin=PLDBENR00017
"DECORA SPÓŁKA AKCYJNA (DCR)Główny Rynek | WIG140, sWIG80TR, WIGdiv, WIG-Poland, WIG-budownictwo, sWIG80, WIG | materiały budowlane",https://www.gpw.pl/spolka?isin=PLDECOR00013
"DEKPOL SPÓŁKA AKCYJNA (DEK)Główny Rynek | WIG-Poland, WIG-budownictwo, WIG | budownictwo - pozostałe",https://www.gpw.pl/spolka?isin=PLDEKPL00032
"DELKO SPÓŁKA AKCYJNA (DEL)Główny Rynek | WIG-Poland, WIG | artykuły spożywcze i szybko zbywalne",https://www.gpw.pl/spolka?isin=PLDELKO00019
"DEVELIA SPÓŁKA AKCYJNA (DVL)Główny Rynek | WIG140, WIG-ESG, mWIG40TR, WIGdiv, WIG-Poland, WIG-nieruchomości, mWIG40, WIG | sprzedaż nieruchomości",https://www.gpw.pl/spolka?isin=PLLCCRP00017
DGA SPÓŁKA AKCYJNA (DGA)Główny Rynek | Usługi dla Przedsiębiorstw,https://www.gpw.pl/spolka?isin=PLDGA0000019
"DIGITAL NETWORK SPÓŁKA AKCYJNA (DIG)Główny Rynek | WIG-Poland, WIG-media, WIG | reklama i marketing",https://www.gpw.pl/spolka?isin=PL4FNMD00013
DIGITREE GROUP SPÓŁKA AKCYJNA (DTR)Główny Rynek | oprogramowanie,https://www.gpw.pl/spolka?isin=PLSARE000013
"DINO POLSKA SPÓŁKA AKCYJNA (DNP)Główny Rynek | WIG140, WIG-ESG, WIG30TR, WIG30, WIG20TR, WIG-Poland, WIG20, WIG, CEEplus | artykuły codziennego użytku",https://www.gpw.pl/spolka?isin=PLDINPL00011
"DOM DEVELOPMENT SPÓŁKA AKCYJNA (DOM)Główny Rynek | WIG140, WIG-ESG, mWIG40TR, WIGdiv, WIG-Poland, WIG-nieruchomości, mWIG40, WIG, CEEplus | sprzedaż nieruchomości",https://www.gpw.pl/spolka?isin=PLDMDVL00012
DRAGO ENTERTAINMENT SPÓŁKA AKCYJNA (DGE)Główny Rynek | Gry,https://www.gpw.pl/spolka?isin=PLDRG0000013
"DROZAPOL-PROFIL SPÓŁKA AKCYJNA (DPL)Główny Rynek | WIG-Poland, WIG | wyroby hutnicze",https://www.gpw.pl/spolka?isin=PLDRZPL00032
"EC BĘDZIN SPÓŁKA AKCYJNA (BDZ)Główny Rynek | WIG-energia, WIG-Poland, WIG | energetyka",https://www.gpw.pl/spolka?isin=PLECBDZ00013
"ECHO INVESTMENT SPÓŁKA AKCYJNA (ECH)Główny Rynek | WIG140, sWIG80TR, WIG-Poland, WIG-nieruchomości, sWIG80, WIG | wynajem nieruchomości",https://www.gpw.pl/spolka?isin=PLECHPS00019
ED INVEST SPÓŁKA AKCYJNA (EDI)Główny Rynek | sprzedaż nieruchomości,https://www.gpw.pl/spolka?isin=PLEDINV00014
EKO EXPORT SPÓŁKA AKCYJNA (EEX)Główny Rynek | Recykling,https://www.gpw.pl/spolka?isin=PLEKEP000019
"ELEKTROTIM SPÓŁKA AKCYJNA (ELT)Główny Rynek | WIG-Poland, WIG-budownictwo, WIG | instalacje budowlane i telekomunikacyjne",https://www.gpw.pl/spolka?isin=PLELEKT00016
"ELKOP SE (EKP)Główny Rynek | WIG-Poland, WIG-nieruchomości, WIG | wynajem nieruchomości",https://www.gpw.pl/spolka?isin=PLELKOP00013
EMC INSTYTUT MEDYCZNY SPÓŁKA AKCYJNA (EMC)Główny Rynek | Szpitale i Przychodnie,https://www.gpw.pl/spolka?isin=PLEMCIM00017
"ENEA SPÓŁKA AKCYJNA (ENA)Główny Rynek | WIG140, WIG-ESG, mWIG40TR, WIG30TR, WIG30, WIG-energia, WIG-Poland, mWIG40, WIG, CEEplus | energetyka",https://www.gpw.pl/spolka?isin=PLENEA000013
ENEFI VAGYONKEZELŐ NYRT. (EST)Główny Rynek | energia odnawialna,https://www.gpw.pl/spolka?isin=HU0000089198
ENERGA SPÓŁKA AKCYJNA (ENG)Główny Rynek | energetyka,https://www.gpw.pl/spolka?isin=PLENERG00022
ENERGOAPARATURA SPÓŁKA AKCYJNA (ENP)Główny Rynek | budownictwo przemysłowe,https://www.gpw.pl/spolka?isin=PLENAP000010
"ENERGOINSTAL SPÓŁKA AKCYJNA (ENI)Główny Rynek | WIG-Poland, WIG-budownictwo, WIG | instalacje budowlane i telekomunikacyjne",https://www.gpw.pl/spolka?isin=PLERGIN00015
"ENTER AIR SPÓŁKA AKCYJNA (ENT)Główny Rynek | WIG140, sWIG80TR, WIG-Poland, sWIG80, WIG, CEEplus | transport",https://www.gpw.pl/spolka?isin=PLENTER00017
"ERBUD SPÓŁKA AKCYJNA (ERB)Główny Rynek | WIG140, sWIG80TR, WIG-Poland, WIG-budownictwo, sWIG80, WIG | budownictwo przemysłowe",https://www.gpw.pl/spolka?isin=PLERBUD00012
"ERG SPÓŁKA AKCYJNA (ERG)Główny Rynek | WIG-Poland, WIG | tworzywa sztuczne",https://www.gpw.pl/spolka?isin=PLERGZB00014
"ESOTIQ & HENDERSON SPÓŁKA AKCYJNA (EAH)Główny Rynek | WIG-odzież, WIG-Poland, WIG | odzież i obuwie",https://www.gpw.pl/spolka?isin=PLESTHN00018
"EUROCASH SPÓŁKA AKCYJNA (EUR)Główny Rynek | WIG140, WIG-ESG, mWIG40TR, WIG30TR, WIG30, WIG-Poland, mWIG40, WIG, CEEplus | artykuły codziennego użytku",https://www.gpw.pl/spolka?isin=PLEURCH00011
"EUROHOLD BULGARIA AD (EHG)Główny Rynek | WIG-CEE, WIG | ubezpieczenia - pozostałe",https://www.gpw.pl/spolka?isin=BG1100114062
EUROPEJSKIE CENTRUM ODSZKODOWAŃ SPÓŁKA AKCYJNA W RESTRUKTURYZACJI (EUC)Główny Rynek | ubezpieczenia - pozostałe,https://www.gpw.pl/spolka?isin=PLERPCO00017
"EUROTEL SPÓŁKA AKCYJNA (ETL)Główny Rynek | WIG-Poland, WIG | elektronika użytkowa",https://www.gpw.pl/spolka?isin=PLERTEL00011
"FABRITY HOLDING SPÓŁKA AKCYJNA (FAB)Główny Rynek | WIGtechTR, WIGtech, WIG-Poland, WIG-informatyka, WIG | oprogramowanie",https://www.gpw.pl/spolka?isin=PLK2ITR00010
"FABRYKA FARB I LAKIERÓW ŚNIEŻKA SPÓŁKA AKCYJNA (SKA)Główny Rynek | WIG140, sWIG80TR, WIGdiv, WIG-Poland, WIG-budownictwo, sWIG80, WIG | materiały budowlane",https://www.gpw.pl/spolka?isin=PLSNZKA00033
FABRYKA OBRABIAREK RAFAMET SPÓŁKA AKCYJNA (RAF)Główny Rynek | urządzenia mechaniczne,https://www.gpw.pl/spolka?isin=PLRFMET00016
"FABRYKI MEBLI FORTE SPÓŁKA AKCYJNA (FTE)Główny Rynek | WIG140, sWIG80TR, WIG-Poland, sWIG80, WIG | meble i dywany",https://www.gpw.pl/spolka?isin=PLFORTE00012
"FABRYKI SPRZĘTU I NARZĘDZI GÓRNICZYCH GRUPA KAPITAŁOWA FASING SPÓŁKA AKCYJNA (FSG)Główny Rynek | WIG-Poland, WIG | urządzenia mechaniczne",https://www.gpw.pl/spolka?isin=PLFSING00010
FAST FINANCE SPÓŁKA AKCYJNA (FFI)Główny Rynek | Działalność Inwestycyjna,https://www.gpw.pl/spolka?isin=PLFSTFC00012
"FEERUM SPÓŁKA AKCYJNA (FEE)Główny Rynek | WIG-Poland, WIG | urządzenia mechaniczne",https://www.gpw.pl/spolka?isin=PLFEERM00018
"FERRO SPÓŁKA AKCYJNA (FRO)Główny Rynek | WIG140, sWIG80TR, WIGdiv, WIG-Poland, WIG-budownictwo, sWIG80, WIG | materiały budowlane",https://www.gpw.pl/spolka?isin=PLFERRO00016
"FERRUM SPÓŁKA AKCYJNA (FER)Główny Rynek | WIG-Poland, WIG | hutnictwo żelaza i stali",https://www.gpw.pl/spolka?isin=PLFERUM00014
FIRMA OPONIARSKA DĘBICA SPÓŁKA AKCYJNA (DBC)Główny Rynek | części samochodowe,https://www.gpw.pl/spolka?isin=PLDEBCA00016
"FON SE (FON)Główny Rynek | WIG-Poland, WIG | Pośrednictwo Finansowe",https://www.gpw.pl/spolka?isin=EE3100100835
"GAMES OPERATORS SPÓŁKA AKCYJNA (GOP)Główny Rynek | WIG-gry, WIGtechTR, WIGtech, WIG-Poland, WIG | Gry",https://www.gpw.pl/spolka?isin=PLGMSOP00019
"GAMING FACTORY SPÓŁKA AKCYJNA (GIF)Główny Rynek | WIG-gry, WIGtechTR, WIGtech, WIG-Poland, WIG | Gry",https://www.gpw.pl/spolka?isin=PLGMNGF00017
"GENOMTEC SPÓŁKA AKCYJNA (GMT)Główny Rynek | WIGtechTR, WIGtech, WIG-Poland, WIG | Biotechnologia",https://www.gpw.pl/spolka?isin=PLGNMTC00017
"GETIN HOLDING SPÓŁKA AKCYJNA (GTN)Główny Rynek | WIG-Poland, WIG-banki, WIG, CEEplus | banki komercyjne",https://www.gpw.pl/spolka?isin=PLGSPR000014
GI GROUP POLAND SPÓŁKA AKCYJNA (GIG)Główny Rynek | Usługi dla Przedsiębiorstw,https://www.gpw.pl/spolka?isin=PLWRKSR00019
"GIEŁDA PAPIERÓW WARTOŚCIOWYCH W WARSZAWIE SPÓŁKA AKCYJNA (GPW)Główny Rynek | WIG140, WIG-ESG, mWIG40TR, WIGdiv, WIG-Poland, mWIG40, WIG, CEEplus | giełdy i biura maklerskie",https://www.gpw.pl/spolka?isin=PLGPW0000017
"GIEŁDA PRAW MAJĄTKOWYCH VINDEXUS SPÓŁKA AKCYJNA (VIN)Główny Rynek | WIG-Poland, WIG | Wierzytelności",https://www.gpw.pl/spolka?isin=PLVNDEX00013
GLOBAL COSMED SPÓŁKA AKCYJNA (GLC)Główny Rynek | kosmetyki i chemia gospodarcza,https://www.gpw.pl/spolka?isin=PLGLBLC00011
"GLOBE TRADE CENTRE SPÓŁKA AKCYJNA (GTC)Główny Rynek | WIG-Poland, WIG-nieruchomości, WIG | wynajem nieruchomości",https://www.gpw.pl/spolka?isin=PLGTC0000037
GOBARTO SPÓŁKA AKCYJNA (GOB)Główny Rynek | żywność,https://www.gpw.pl/spolka?isin=PLDUDA000016
"GREENX METALS LIMITED (GRX)Główny Rynek | WIG140, mWIG40TR, WIG-górnictwo, mWIG40, WIG, CEEplus | górnictwo węgla",https://www.gpw.pl/spolka?isin=AU0000198939
"GRENEVIA SPÓŁKA AKCYJNA (GEA)Główny Rynek | WIG140, WIG-ESG, mWIG40TR, WIG-Poland, mWIG40, WIG, CEEplus | urządzenia mechaniczne",https://www.gpw.pl/spolka?isin=PLFAMUR00012
"GRODNO SPÓŁKA AKCYJNA (GRN)Główny Rynek | WIG140, sWIG80TR, WIG-Poland, sWIG80, WIG | artykuły elektryczne",https://www.gpw.pl/spolka?isin=PLGRODN00015
"GRUPA AZOTY SPÓŁKA AKCYJNA (ATT)Główny Rynek | WIG140, INNOVATOR, WIG-ESG, mWIG40TR, WIG30TR, WIG30, WIG-Poland, WIG-chemia, mWIG40, WIG, CEEplus | chemia podstawowa",https://www.gpw.pl/spolka?isin=PLZATRM00012
GRUPA AZOTY ZAKŁADY AZOTOWE PUŁAWY SPÓŁKA AKCYJNA (ZAP)Główny Rynek | chemia podstawowa,https://www.gpw.pl/spolka?isin=PLZAPUL00057
"GRUPA AZOTY ZAKŁADY CHEMICZNE POLICE SPÓŁKA AKCYJNA (PCE)Główny Rynek | WIG140, sWIG80TR, WIG-Poland, WIG-chemia, sWIG80, WIG | chemia podstawowa",https://www.gpw.pl/spolka?isin=PLZCPLC00036
"GRUPA KAPITAŁOWA IMMOBILE SPÓŁKA AKCYJNA (GKI)Główny Rynek | WIG-Poland, WIG | Działalność Inwestycyjna",https://www.gpw.pl/spolka?isin=PLMAKRM00019
"GRUPA KĘTY SPÓŁKA AKCYJNA (KTY)Główny Rynek | WIG140, WIG-ESG, WIG30TR, WIG30, WIG20TR, WIGdiv, WIG-Poland, WIG20, WIG, CEEplus | hutnictwo metali nieżelaznych",https://www.gpw.pl/spolka?isin=PLKETY000011
"GRUPA PRACUJ SPÓŁKA AKCYJNA (GPP)Główny Rynek | WIG140, WIG-ESG, mWIG40TR, WIG-Poland, WIG-media, mWIG40, WIG, CEEplus | portale internetowe",https://www.gpw.pl/spolka?isin=PLGRPRC00015
"HARPER HYGIENICS SPÓŁKA AKCYJNA (HRP)Główny Rynek | WIG-odzież, WIG-Poland, WIG | kosmetyki i chemia gospodarcza",https://www.gpw.pl/spolka?isin=PLHRPHG00023
"HELIO SPÓŁKA AKCYJNA (HEL)Główny Rynek | WIG-Poland, WIG-spożywczy, WIG | żywność",https://www.gpw.pl/spolka?isin=PLHELIO00014
HERKULES SPÓŁKA AKCYJNA (HRS)Główny Rynek | budownictwo - pozostałe,https://www.gpw.pl/spolka?isin=PLZRWZW00012
HM INWEST SPÓŁKA AKCYJNA (HMI)Główny Rynek | sprzedaż nieruchomości,https://www.gpw.pl/spolka?isin=PLHMINW00016
HOLLYWOOD SPÓŁKA AKCYJNA (HLD)Główny Rynek | Handel i Usługi - Pozostałe,https://www.gpw.pl/spolka?isin=PLHOLWD00017
"HUUUGE. INC. (HUG)Główny Rynek | WIG140, WIG-gry, WIGtechTR, WIG-ESG, WIGtech, WIG.GAMES5, mWIG40TR, mWIG40, WIG, CEEplus | Gry",https://www.gpw.pl/spolka?isin=US44853H1086
IDM SPÓŁKA AKCYJNA (IDM)Główny Rynek | rynek kapitałowy - pozostałe,https://www.gpw.pl/spolka?isin=PLIDMSA00044
"IFIRMA SPÓŁKA AKCYJNA (IFI)Główny Rynek | WIGtechTR, WIGtech, WIG-Poland, WIG-informatyka, WIG | oprogramowanie",https://www.gpw.pl/spolka?isin=PLPWRMD00011
"IMC S.A. (IMC)Główny Rynek | WIG-CEE, WIG-Ukraine, WIG-spożywczy, WIG | produkcja rolna i rybołówstwo",https://www.gpw.pl/spolka?isin=LU0607203980
"IMMOFINANZ AG (IIA)Główny Rynek | WIG-nieruchomości, WIG | wynajem nieruchomości",https://www.gpw.pl/spolka?isin=AT0000A21KS2
"IMPERIO ALTERNATYWNA SPÓŁKA INWESTYCYJNA SPÓŁKA AKCYJNA (IMP)Główny Rynek | WIG-Poland, WIG | Działalność Inwestycyjna",https://www.gpw.pl/spolka?isin=PLNFI0700018
"IMS SPÓŁKA AKCYJNA (IMS)Główny Rynek | WIG-Poland, WIG-media, WIG | media - pozostałe",https://www.gpw.pl/spolka?isin=PLINTMS00019
"INC SPÓŁKA AKCYJNA (INC)Główny Rynek | WIG-Poland, WIG | Działalność Inwestycyjna",https://www.gpw.pl/spolka?isin=PLINCLT00015
INDYGOTECH MINERALS SPÓŁKA AKCYJNA W LIKWIDACJI (IDG)Główny Rynek | Działalność Inwestycyjna,https://www.gpw.pl/spolka?isin=PLLSTIA00018
"ING BANK ŚLĄSKI SPÓŁKA AKCYJNA (ING)Główny Rynek | WIG140, WIG-ESG, mWIG40TR, WIG-Poland, WIG-banki, mWIG40, WIG, CEEplus | banki komercyjne",https://www.gpw.pl/spolka?isin=PLBSK0000017
"INPRO SPÓŁKA AKCYJNA (INP)Główny Rynek | WIG-Poland, WIG-nieruchomości, WIG | sprzedaż nieruchomości",https://www.gpw.pl/spolka?isin=PLINPRO00015
"INSTAL KRAKÓW SPÓŁKA AKCYJNA (INK)Główny Rynek | WIG140, sWIG80TR, WIGdiv, WIG-Poland, WIG-budownictwo, sWIG80, WIG | budownictwo przemysłowe",https://www.gpw.pl/spolka?isin=PLINSTK00013
"INTER CARS SPÓŁKA AKCYJNA (CAR)Główny Rynek | WIG140, WIG-ESG, mWIG40TR, WIG-motoryzacja, WIG-Poland, mWIG40, WIG, CEEplus | części samochodowe",https://www.gpw.pl/spolka?isin=PLINTCS00010
INTERBUD-LUBLIN SPÓŁKA AKCYJNA (ITB)Główny Rynek | sprzedaż nieruchomości,https://www.gpw.pl/spolka?isin=PLINTBD00014
"INTERSPORT POLSKA SPÓŁKA AKCYJNA (IPO)Główny Rynek | WIG-odzież, WIG-Poland, WIG | odzież i obuwie",https://www.gpw.pl/spolka?isin=PLINTSP00038
"INTROL SPÓŁKA AKCYJNA (INL)Główny Rynek | WIG-Poland, WIG | urządzenia mechaniczne",https://www.gpw.pl/spolka?isin=PLINTRL00013
"INVESTMENT FRIENDS CAPITAL SE (IFC)Główny Rynek | WIG-Poland, WIG | Pośrednictwo Finansowe",https://www.gpw.pl/spolka?isin=EE3100065392
INVESTMENT FRIENDS SE (IFR)Główny Rynek | Pośrednictwo Finansowe,https://www.gpw.pl/spolka?isin=EE3100099391
"IPOPEMA SECURITIES SPÓŁKA AKCYJNA (IPE)Główny Rynek | WIG-Poland, WIG | giełdy i biura maklerskie",https://www.gpw.pl/spolka?isin=PLIPOPM00011
IZOBLOK SPÓŁKA AKCYJNA (IZB)Główny Rynek | tworzywa sztuczne,https://www.gpw.pl/spolka?isin=PLIZBLK00010
"IZOLACJA-JAROCIN SPÓŁKA AKCYJNA (IZO)Główny Rynek | WIG-Poland, WIG-budownictwo, WIG | materiały budowlane",https://www.gpw.pl/spolka?isin=PLIZCJR00017
"IZOSTAL SPÓŁKA AKCYJNA (IZS)Główny Rynek | WIG-Poland, WIG | wyroby metalowe",https://www.gpw.pl/spolka?isin=PLIZSTL00015
"JASTRZĘBSKA SPÓŁKA WĘGLOWA SPÓŁKA AKCYJNA (JSW)Główny Rynek | WIG140, WIG-ESG, WIG.MS-BAS, WIG30TR, WIG30, WIG20TR, WIG-górnictwo, WIG-Poland, WIG20, WIG, CEEplus | górnictwo węgla",https://www.gpw.pl/spolka?isin=PLJSW0000015
JWW INVEST SPÓŁKA AKCYJNA (JWW)Główny Rynek | urządzenia mechaniczne,https://www.gpw.pl/spolka?isin=PLJWWNT00018
"KCI SPÓŁKA AKCYJNA (KCI)Główny Rynek | WIG-Poland, WIG-media, WIG | wydawnictwa",https://www.gpw.pl/spolka?isin=PLPONAR00012
KDM SHIPPING PUBLIC LIMITED (KDM)Główny Rynek | transport,https://www.gpw.pl/spolka?isin=CY0102492119
KERNEL HOLDING S.A. (KER)Główny Rynek | żywność,https://www.gpw.pl/spolka?isin=LU0327357389
"KGHM POLSKA MIEDŹ SPÓŁKA AKCYJNA (KGH)Główny Rynek | WIG140, WIG-ESG, WIG.MS-BAS, WIG30TR, WIG30, WIG20TR, WIG-górnictwo, WIG-Poland, WIG20, WIG, CEEplus | górnictwo metali",https://www.gpw.pl/spolka?isin=PLKGHM000017
KGL SPÓŁKA AKCYJNA (KGL)Główny Rynek | chemikalia,https://www.gpw.pl/spolka?isin=PLKRKGL00012
"KINO POLSKA TV SPÓŁKA AKCYJNA (KPL)Główny Rynek | WIG-Poland, WIG-media, WIG | radio i telewizja",https://www.gpw.pl/spolka?isin=PLKNOPL00014
"KOMPUTRONIK SPÓŁKA AKCYJNA (KOM)Główny Rynek | WIG-Poland, WIG, CEEplus | elektronika użytkowa",https://www.gpw.pl/spolka?isin=PLKMPTR00012
KORPORACJA GOSPODARCZA EFEKT SPÓŁKA AKCYJNA (EFK)Główny Rynek | Usługi dla Przedsiębiorstw,https://www.gpw.pl/spolka?isin=PLEFEKT00018
"KOSZALIŃSKIE PRZEDSIĘBIORSTWO PRZEMYSŁU DRZEWNEGO SPÓŁKA AKCYJNA (KPD)Główny Rynek | WIG-Poland, WIG | drewno",https://www.gpw.pl/spolka?isin=PLKPPD000017
KRAKCHEMIA SPÓŁKA AKCYJNA (KCH)Główny Rynek | chemikalia,https://www.gpw.pl/spolka?isin=PLKRKCH00019
KREDYT INKASO SPÓŁKA AKCYJNA (KRI)Główny Rynek | Wierzytelności,https://www.gpw.pl/spolka?isin=PLKRINK00014
"KRKA. TOVARNA ZDRAVIL. D.D.. NOVO MESTO (KRK)Główny Rynek | WIG-leki, WIG-CEE, WIG, CEEplus | Produkcja Leków",https://www.gpw.pl/spolka?isin=SI0031102120
"KRUK SPÓŁKA AKCYJNA (KRU)Główny Rynek | WIG140, WIG-ESG, WIG30TR, WIG30, WIG20TR, WIG-Poland, WIG20, WIG, CEEplus | Wierzytelności",https://www.gpw.pl/spolka?isin=PLKRK0000010
"KRYNICA VITAMIN SPÓŁKA AKCYJNA (KVT)Główny Rynek | WIG-Poland, WIG-spożywczy, WIG | napoje",https://www.gpw.pl/spolka?isin=PLKRVTM00010
"KSG AGRO S.A. (KSG)Główny Rynek | WIG-CEE, WIG-Ukraine, WIG-spożywczy, WIG | produkcja rolna i rybołówstwo",https://www.gpw.pl/spolka?isin=LU0611262873
LABO PRINT SPÓŁKA AKCYJNA (LAB)Główny Rynek | Usługi dla Przedsiębiorstw,https://www.gpw.pl/spolka?isin=PLLBPRT00013
LARK.PL SPÓŁKA AKCYJNA (LRK)Główny Rynek | sprzęt informatyczny,https://www.gpw.pl/spolka?isin=PLPPWK000014
"LARQ SPÓŁKA AKCYJNA (LRQ)Główny Rynek | WIG-Poland, WIG-media, WIG | reklama i marketing",https://www.gpw.pl/spolka?isin=PLCAMMD00032
"LENA LIGHTING SPÓŁKA AKCYJNA (LEN)Główny Rynek | WIG-Poland, WIG | urządzenia elektryczne",https://www.gpw.pl/spolka?isin=PLLENAL00015
"LENTEX SPÓŁKA AKCYJNA (LTX)Główny Rynek | WIG-Poland, WIG | zaopatrzenie przedsiębiorstw - pozostałe",https://www.gpw.pl/spolka?isin=PLLENTX00010
"LESS SPÓŁKA AKCYJNA (LES)Główny Rynek | WIG-Poland, WIG | Handel Internetowy",https://www.gpw.pl/spolka?isin=PLINTGR00013
"LIBET SPÓŁKA AKCYJNA (LBT)Główny Rynek | WIG-Poland, WIG-budownictwo, WIG | materiały budowlane",https://www.gpw.pl/spolka?isin=PLLBT0000013
"LOKUM DEWELOPER SPÓŁKA AKCYJNA (LKD)Główny Rynek | WIG-Poland, WIG-nieruchomości, WIG | sprzedaż nieruchomości",https://www.gpw.pl/spolka?isin=PLLKMDW00049
"LPP SPÓŁKA AKCYJNA (LPP)Główny Rynek | WIG140, WIG-ESG, WIG-odzież, WIG30TR, WIG30, WIG20TR, WIG-Poland, WIG20, WIG, CEEplus | odzież i obuwie",https://www.gpw.pl/spolka?isin=PLLPP0000011
"LSI SOFTWARE SPÓŁKA AKCYJNA (LSI)Główny Rynek | WIGtechTR, WIGtech, WIG-Poland, WIG-informatyka, WIG | oprogramowanie",https://www.gpw.pl/spolka?isin=PLLSSFT00016
"LUBAWA SPÓŁKA AKCYJNA (LBW)Główny Rynek | WIG140, INNOVATOR, sWIG80TR, WIG-odzież, WIG-Poland, sWIG80, WIG, CEEplus | odzież i kosmetyki - pozostałe",https://www.gpw.pl/spolka?isin=PLLUBAW00013
"LUBELSKI WĘGIEL BOGDANKA SPÓŁKA AKCYJNA (LWB)Główny Rynek | WIG140, WIG-ESG, WIG.MS-BAS, mWIG40TR, WIG30TR, WIG30, WIG-górnictwo, WIG-Poland, mWIG40, WIG, CEEplus | górnictwo węgla",https://www.gpw.pl/spolka?isin=PLLWBGD00016
M.W. TRADE SPÓŁKA AKCYJNA (MWT)Główny Rynek | Leasing i Faktoring,https://www.gpw.pl/spolka?isin=PLMWTRD00013
"MABION SPÓŁKA AKCYJNA (MAB)Główny Rynek | WIG140, WIG-ESG, sWIG80TR, WIG-leki, WIG-Poland, sWIG80, WIG, CEEplus | Produkcja Leków",https://www.gpw.pl/spolka?isin=PLMBION00016
"MAGNA POLONIA SPÓŁKA AKCYJNA (06N)Główny Rynek | WIG-Poland, WIG | Działalność Inwestycyjna",https://www.gpw.pl/spolka?isin=PLNFI0600010
"MAKARONY POLSKIE SPÓŁKA AKCYJNA (MAK)Główny Rynek | WIG-Poland, WIG-spożywczy, WIG | żywność",https://www.gpw.pl/spolka?isin=PLMKRNP00015
"MANGATA HOLDING SPÓŁKA AKCYJNA (MGT)Główny Rynek | WIG140, sWIG80TR, WIG-Poland, sWIG80, WIG | wyroby metalowe",https://www.gpw.pl/spolka?isin=PLZTKMA00017
MANYDEV STUDIO SE (MAN)Główny Rynek | Gry,https://www.gpw.pl/spolka?isin=PLADDRG00015
"MARIE BRIZARD WINE & SPIRITS (MBW)Główny Rynek | WIG-spożywczy, WIG | napoje",https://www.gpw.pl/spolka?isin=FR0000060873
"MARVIPOL DEVELOPMENT SPÓŁKA AKCYJNA (MVP)Główny Rynek | WIG-Poland, WIG-nieruchomości, WIG | wynajem nieruchomości",https://www.gpw.pl/spolka?isin=PLMRVDV00011
"MAXCOM SPÓŁKA AKCYJNA (MXC)Główny Rynek | WIG-Poland, WIG | sprzęt elektryczny i elektroniczny",https://www.gpw.pl/spolka?isin=PLMXCMS00016
"MBANK SPÓŁKA AKCYJNA (MBK)Główny Rynek | WIG140, WIG-ESG, WIG.MS-FIN, WIG30TR, WIG30, WIG20TR, WIG-Poland, WIG-banki, WIG20, WIG, CEEplus | banki komercyjne",https://www.gpw.pl/spolka?isin=PLBRE0000012
"MCI CAPITAL ALTERNATYWNA SPÓŁKA INWESTYCYJNA SPÓŁKA AKCYJNA (MCI)Główny Rynek | WIG140, sWIG80TR, WIG-Poland, sWIG80, WIG | Działalność Inwestycyjna",https://www.gpw.pl/spolka?isin=PLMCIMG00012
"MDI ENERGIA SPÓŁKA AKCYJNA (MDI)Główny Rynek | WIG-Poland, WIG-budownictwo, WIG | inżynieria lądowa i wodna",https://www.gpw.pl/spolka?isin=PLNFI1000012
"MEDICALGORITHMICS SPÓŁKA AKCYJNA (MDG)Główny Rynek | WIG140, sWIG80TR, WIG-Poland, sWIG80, WIG, CEEplus | Sprzęt i Materiały Medyczne",https://www.gpw.pl/spolka?isin=PLMDCLG00015
"MEDINICE SPÓŁKA AKCYJNA (ICE)Główny Rynek | WIG-Poland, WIG | Ochrona Zdrowia - Pozostałe",https://www.gpw.pl/spolka?isin=PLMDNCE00016
MEGARON SPÓŁKA AKCYJNA (MEG)Główny Rynek | materiały budowlane,https://www.gpw.pl/spolka?isin=PLMGRON00016
"MENNICA POLSKA SPÓŁKA AKCYJNA (MNC)Główny Rynek | WIG-Poland, WIG | hutnictwo metali nieżelaznych",https://www.gpw.pl/spolka?isin=PLMNNCP00011
"MERCATOR MEDICAL SPÓŁKA AKCYJNA (MRC)Główny Rynek | WIG140, sWIG80TR, WIG-Poland, sWIG80, WIG, CEEplus | Sprzęt i Materiały Medyczne",https://www.gpw.pl/spolka?isin=PLMRCTR00015
"MERCOR SPÓŁKA AKCYJNA (MCR)Główny Rynek | INNOVATOR, WIG-Poland, WIG-budownictwo, WIG | materiały budowlane",https://www.gpw.pl/spolka?isin=PLMRCOR00016
"MEX POLSKA SPÓŁKA AKCYJNA (MEX)Główny Rynek | WIG-Poland, WIG | hotele i restauracje",https://www.gpw.pl/spolka?isin=PLMEXPL00010
"MFO SPÓŁKA AKCYJNA (MFO)Główny Rynek | WIG-Poland, WIG-budownictwo, WIG | materiały budowlane",https://www.gpw.pl/spolka?isin=PLMFO0000013
"MIRACULUM SPÓŁKA AKCYJNA (MIR)Główny Rynek | WIG-odzież, WIG-Poland, WIG | kosmetyki i chemia gospodarcza",https://www.gpw.pl/spolka?isin=PLKLSTN00017
"MIRBUD SPÓŁKA AKCYJNA (MRB)Główny Rynek | WIG140, sWIG80TR, WIG-Poland, WIG-budownictwo, sWIG80, WIG, CEEplus | budownictwo ogólne",https://www.gpw.pl/spolka?isin=PLMRBUD00015
"ML SYSTEM SPÓŁKA AKCYJNA (MLS)Główny Rynek | WIG140, sWIG80TR, WIG-energia, WIG-Poland, sWIG80, WIG, CEEplus | energia odnawialna",https://www.gpw.pl/spolka?isin=PLMLSTM00015
"MLK FOODS PUBLIC COMPANY LTD (MLK)Główny Rynek | WIG-CEE, WIG-Ukraine, WIG-spożywczy, WIG | żywność",https://www.gpw.pl/spolka?isin=NL0009508712
"MLP GROUP SPÓŁKA AKCYJNA (MLG)Główny Rynek | WIG-Poland, WIG-nieruchomości, WIG | wynajem nieruchomości",https://www.gpw.pl/spolka?isin=PLMLPGR00017
"MO-BRUK SPÓŁKA AKCYJNA (MBR)Główny Rynek | WIG140, WIG-ESG, mWIG40TR, WIG-Poland, mWIG40, WIG, CEEplus | Recykling",https://www.gpw.pl/spolka?isin=PLMOBRK00013
"MOJ SPÓŁKA AKCYJNA (MOJ)Główny Rynek | WIG-Poland, WIG | urządzenia mechaniczne",https://www.gpw.pl/spolka?isin=PLMOJ0000015
"MOL MAGYAR OLAJ - ES GAZIPARI NYILVANOSAN MUKODO RESZVENYTARSASAG (MOL)Główny Rynek | WIG-CEE, WIG-paliwa, WIG, CEEplus | wydobycie i produkcja",https://www.gpw.pl/spolka?isin=HU0000153937
"MOLECURE SPÓŁKA AKCYJNA (MOC)Główny Rynek | WIG140, WIGtechTR, WIGtech, sWIG80TR, WIG-Poland, sWIG80, WIG | Biotechnologia",https://www.gpw.pl/spolka?isin=PLONCTH00011
"MONNARI TRADE SPÓŁKA AKCYJNA (MON)Główny Rynek | WIG-odzież, WIG-Poland, WIG | odzież i obuwie",https://www.gpw.pl/spolka?isin=PLMNRTR00012
"MOSTOSTAL PŁOCK SPÓŁKA AKCYJNA (MSP)Główny Rynek | WIG-Poland, WIG-budownictwo, WIG | budownictwo przemysłowe",https://www.gpw.pl/spolka?isin=PLMSTPL00018
"MOSTOSTAL WARSZAWA SPÓŁKA AKCYJNA (MSW)Główny Rynek | WIG-Poland, WIG-budownictwo, WIG | budownictwo przemysłowe",https://www.gpw.pl/spolka?isin=PLMSTWS00019
"MOSTOSTAL ZABRZE SPÓŁKA AKCYJNA (MSZ)Główny Rynek | WIG140, sWIG80TR, WIG-Poland, WIG-budownictwo, sWIG80, WIG | budownictwo przemysłowe",https://www.gpw.pl/spolka?isin=PLMSTZB00018
"MOVIE GAMES SPÓŁKA AKCYJNA (MOV)Główny Rynek | WIG-gry, WIGtechTR, WIGtech, WIG-Poland, WIG | Gry",https://www.gpw.pl/spolka?isin=PLMVGMS00011
"MUZA SPÓŁKA AKCYJNA (MZA)Główny Rynek | WIG-Poland, WIG-media, WIG | wydawnictwa",https://www.gpw.pl/spolka?isin=PLMUZA000019
"NANOGROUP SPÓŁKA AKCYJNA (NNG)Główny Rynek | WIGtechTR, WIGtech, WIG-Poland, WIG | Biotechnologia",https://www.gpw.pl/spolka?isin=PLNNGRP00011
"NEUCA SPÓŁKA AKCYJNA (NEU)Główny Rynek | WIG140, WIG-ESG, mWIG40TR, WIGdiv, WIG-Poland, mWIG40, WIG, CEEplus | Dystrybucja Leków",https://www.gpw.pl/spolka?isin=PLTRFRM00018
"NEW TECH CAPITAL SPÓŁKA AKCYJNA (NTC)Główny Rynek | WIG-Poland, WIG | Działalność Inwestycyjna",https://www.gpw.pl/spolka?isin=PLECMNG00019
"NEWAG SPÓŁKA AKCYJNA (NWG)Główny Rynek | WIG140, sWIG80TR, WIG-Poland, sWIG80, WIG | środki transportu",https://www.gpw.pl/spolka?isin=PLNEWAG00012
"NEXITY GLOBAL SPÓŁKA AKCYJNA (NXG)Główny Rynek | WIG-Poland, WIG | Usługi dla Przedsiębiorstw",https://www.gpw.pl/spolka?isin=PLWDMCP00013
"NOVAVIS GROUP SPÓŁKA AKCYJNA (NVG)Główny Rynek | WIG-energia, WIG-Poland, WIG | energia odnawialna",https://www.gpw.pl/spolka?isin=PLNFI0500012
NOVITA SPÓŁKA AKCYJNA (NVT)Główny Rynek | zaopatrzenie przedsiębiorstw - pozostałe,https://www.gpw.pl/spolka?isin=PLNVITA00018
"NPL NOVA SPÓŁKA AKCYJNA (PRI)Główny Rynek | WIG-Poland, WIG | Wierzytelności",https://www.gpw.pl/spolka?isin=PLPRGNK00017
"NTT SYSTEM SPÓŁKA AKCYJNA (NTT)Główny Rynek | WIGtechTR, WIGtech, WIG-Poland, WIG-informatyka, WIG | sprzęt informatyczny",https://www.gpw.pl/spolka?isin=PLNTSYS00013
OCTAVA SPÓŁKA AKCYJNA (08N)Główny Rynek | sprzedaż nieruchomości,https://www.gpw.pl/spolka?isin=PLNFI0800016
"ODLEWNIE POLSKIE SPÓŁKA AKCYJNA (ODL)Główny Rynek | WIG-Poland, WIG | hutnictwo żelaza i stali",https://www.gpw.pl/spolka?isin=PLODLPL00013
"OEX SPÓŁKA AKCYJNA (OEX)Główny Rynek | WIG-Poland, WIG | Handel i Usługi - Pozostałe",https://www.gpw.pl/spolka?isin=PLTELL000023
"ONDE SPÓŁKA AKCYJNA (OND)Główny Rynek | WIG140, sWIG80TR, WIG-energia, WIG-Poland, sWIG80, WIG, CEEplus | energia odnawialna",https://www.gpw.pl/spolka?isin=PLONDE000018
"ONE SPÓŁKA AKCYJNA (FMG)Główny Rynek | WIG-Poland, WIG | Działalność Inwestycyjna",https://www.gpw.pl/spolka?isin=PLTHP0000011
"ONESANO SPÓŁKA AKCYJNA (ONO)Główny Rynek | WIGtechTR, WIGtech, WIG-Poland, WIG | Biotechnologia",https://www.gpw.pl/spolka?isin=PLSKTAN00010
"OPONEO.PL SPÓŁKA AKCYJNA (OPN)Główny Rynek | WIG140, sWIG80TR, WIGdiv, WIG-Poland, sWIG80, WIG | Handel Internetowy",https://www.gpw.pl/spolka?isin=PLOPNPL00013
"OPTEAM SPÓŁKA AKCYJNA (OPM)Główny Rynek | WIGtechTR, WIGtech, WIG-Poland, WIG-informatyka, WIG | oprogramowanie",https://www.gpw.pl/spolka?isin=PLOPTEM00012
"ORANGE POLSKA SPÓŁKA AKCYJNA (OPL)Główny Rynek | WIG140, WIGtechTR, WIG-ESG, WIGtech, WIG30TR, WIG30, WIG20TR, WIG-Poland, WIG20, WIG, CEEplus | Telekomunikacja",https://www.gpw.pl/spolka?isin=PLTLKPL00017
"ORLEN SPÓŁKA AKCYJNA (PKN)Główny Rynek | WIG140, INNOVATOR, WIG-ESG, WIG30TR, WIG30, WIG20TR, WIGdiv, WIG-Poland, WIG-paliwa, WIG20, WIG, CEEplus | wydobycie i produkcja",https://www.gpw.pl/spolka?isin=PLPKN0000018
ORZEŁ BIAŁY SPÓŁKA AKCYJNA (OBL)Główny Rynek | Recykling,https://www.gpw.pl/spolka?isin=PLORZBL00013
"OT LOGISTICS SPÓŁKA AKCYJNA (OTS)Główny Rynek | WIG140, sWIG80TR, WIG-Poland, sWIG80, WIG | transport",https://www.gpw.pl/spolka?isin=PLODRTS00017
OVOSTAR UNION PUBLIC COMPANY LIMITED (OVO)Główny Rynek | żywność,https://www.gpw.pl/spolka?isin=NL0009805613
"P.A. NOVA SPÓŁKA AKCYJNA (NVA)Główny Rynek | WIG-Poland, WIG-budownictwo, WIG | budownictwo ogólne",https://www.gpw.pl/spolka?isin=PLPANVA00013
"PAMAPOL SPÓŁKA AKCYJNA (PMP)Główny Rynek | WIG-Poland, WIG-spożywczy, WIG | żywność",https://www.gpw.pl/spolka?isin=PLPMPOL00031
"PASSUS SPÓŁKA AKCYJNA (PAS)Główny Rynek | WIGtechTR, WIGtech, WIG-Poland, WIG-informatyka, WIG | oprogramowanie",https://www.gpw.pl/spolka?isin=PLPSSUS00018
"PATENTUS SPÓŁKA AKCYJNA (PAT)Główny Rynek | WIG-Poland, WIG | urządzenia mechaniczne",https://www.gpw.pl/spolka?isin=PLPTNTS00019
PBG SPÓŁKA AKCYJNA W RESTRUKTURYZACJI I LIKWIDACJI Z SIEDZIBĄ W WYSOGOTOWIE (PBG)Główny Rynek | budownictwo przemysłowe,https://www.gpw.pl/spolka?isin=PLPBG0000029
PBS FINANSE SPÓŁKA AKCYJNA (PBF)Główny Rynek | Pośrednictwo Finansowe,https://www.gpw.pl/spolka?isin=PLBEFSN00010
PC GUARD SPÓŁKA AKCYJNA (PCG)Główny Rynek | oprogramowanie,https://www.gpw.pl/spolka?isin=PLGUARD00019
PCC EXOL SPÓŁKA AKCYJNA (PCX)Główny Rynek | chemia specjalistyczna,https://www.gpw.pl/spolka?isin=PLPCCEX00010
"PCC ROKITA SPÓŁKA AKCYJNA (PCR)Główny Rynek | WIG140, sWIG80TR, WIGdiv, WIG-Poland, WIG-chemia, sWIG80, WIG, CEEplus | chemia podstawowa",https://www.gpw.pl/spolka?isin=PLPCCRK00076
"PCF GROUP SPÓŁKA AKCYJNA (PCF)Główny Rynek | WIG140, WIG-gry, WIGtechTR, WIGtech, sWIG80TR, WIG-Poland, sWIG80, WIG | Gry",https://www.gpw.pl/spolka?isin=PLPCFGR00010
"PEPCO GROUP N.V. (PCO)Główny Rynek | WIG140, WIG-ESG, WIG30TR, WIG30, WIG20TR, WIG20, WIG, CEEplus | artykuły codziennego użytku",https://www.gpw.pl/spolka?isin=NL0015000AU7
"PGE POLSKA GRUPA ENERGETYCZNA SPÓŁKA AKCYJNA (PGE)Główny Rynek | WIG140, INNOVATOR, WIG-ESG, WIG.MS-BAS, WIG30TR, WIG30, WIG20TR, WIG-energia, WIG-Poland, WIG20, WIG, CEEplus | energetyka",https://www.gpw.pl/spolka?isin=PLPGER000010
PGF POLSKA GRUPA FOTOWOLTAICZNA SPÓŁKA AKCYJNA (PGV)Główny Rynek | Działalność Inwestycyjna,https://www.gpw.pl/spolka?isin=PLZSTAL00012
"PHARMENA SPÓŁKA AKCYJNA (PHR)Główny Rynek | WIG-leki, WIG-Poland, WIG | Produkcja Leków",https://www.gpw.pl/spolka?isin=PLPHRMN00011
"PHOTON ENERGY N.V. (PEN)Główny Rynek | WIG140, sWIG80TR, WIG-CEE, WIG-energia, sWIG80, WIG | energia odnawialna",https://www.gpw.pl/spolka?isin=NL0010391108
"PJP MAKRUM SPÓŁKA AKCYJNA (PJP)Główny Rynek | WIG-Poland, WIG-budownictwo, WIG | budownictwo przemysłowe",https://www.gpw.pl/spolka?isin=PLPROJP00018
"PKP CARGO SPÓŁKA AKCYJNA (PKP)Główny Rynek | WIG140, WIG-ESG, mWIG40TR, WIG-Poland, mWIG40, WIG, CEEplus | transport",https://www.gpw.pl/spolka?isin=PLPKPCR00011
"PLAYWAY SPÓŁKA AKCYJNA (PLW)Główny Rynek | WIG140, WIG-gry, WIGtechTR, WIGtech, sWIG80TR, WIGdiv, WIG-Poland, sWIG80, WIG, CEEplus | Gry",https://www.gpw.pl/spolka?isin=PLPLAYW00015
"PLAZA CENTERS N.V. (PLZ)Główny Rynek | WIG-nieruchomości, WIG | wynajem nieruchomości",https://www.gpw.pl/spolka?isin=NL0011882741
"PMPG POLSKIE MEDIA SPÓŁKA AKCYJNA (PGM)Główny Rynek | WIG-Poland, WIG-media, WIG | wydawnictwa",https://www.gpw.pl/spolka?isin=PLPEKPL00010
"POLENERGIA SPÓŁKA AKCYJNA (PEP)Główny Rynek | WIG140, sWIG80TR, WIG-energia, WIG-Poland, sWIG80, WIG | energetyka",https://www.gpw.pl/spolka?isin=PLPLSEP00013
"POLIMEX MOSTOSTAL SPÓŁKA AKCYJNA (PXM)Główny Rynek | WIG140, mWIG40TR, WIG-Poland, WIG-budownictwo, mWIG40, WIG, CEEplus | budownictwo przemysłowe",https://www.gpw.pl/spolka?isin=PLMSTSD00019
"POLSKI HOLDING NIERUCHOMOŚCI SPÓŁKA AKCYJNA (PHN)Główny Rynek | WIGdiv, WIG-Poland, WIG-nieruchomości, WIG | wynajem nieruchomości",https://www.gpw.pl/spolka?isin=PLPHN0000014
"POLTREG SPÓŁKA AKCYJNA (PTG)Główny Rynek | WIGtechTR, WIGtech, WIG-Poland, WIG | Biotechnologia",https://www.gpw.pl/spolka?isin=PLPLTRG00038
"POLWAX SPÓŁKA AKCYJNA (PWX)Główny Rynek | INNOVATOR, WIG-Poland, WIG-chemia, WIG | chemia specjalistyczna",https://www.gpw.pl/spolka?isin=PLPOLWX00026
"POWSZECHNA KASA OSZCZĘDNOŚCI BANK POLSKI SPÓŁKA AKCYJNA (PKO)Główny Rynek | WIG140, WIG-ESG, WIG.MS-FIN, WIG30TR, WIG30, WIG20TR, WIG-Poland, WIG-banki, WIG20, WIG, CEEplus | banki komercyjne",https://www.gpw.pl/spolka?isin=PLPKO0000016
"POWSZECHNY ZAKŁAD UBEZPIECZEŃ SPÓŁKA AKCYJNA (PZU)Główny Rynek | WIG140, WIG-ESG, WIG.MS-FIN, WIG30TR, WIG30, WIG20TR, WIG-Poland, WIG20, WIG, CEEplus | firmy ubezpieczeniowe",https://www.gpw.pl/spolka?isin=PLPZU0000011
"POZNAŃSKA KORPORACJA BUDOWLANA PEKABEX SPÓŁKA AKCYJNA (PBX)Główny Rynek | WIG140, sWIG80TR, WIGdiv, WIG-Poland, WIG-budownictwo, sWIG80, WIG | materiały budowlane",https://www.gpw.pl/spolka?isin=PLPKBEX00072
PRIMA MODA SPÓŁKA AKCYJNA W RESTRUKTURYZACJI (PMA)Główny Rynek | odzież i obuwie,https://www.gpw.pl/spolka?isin=PLPRMMD00012
PRIMETECH SPÓŁKA AKCYJNA (PTH)Główny Rynek | urządzenia mechaniczne,https://www.gpw.pl/spolka?isin=PLKOPEX00018
"PROCHEM SPÓŁKA AKCYJNA (PRM)Główny Rynek | WIG-Poland, WIG-budownictwo, WIG | budownictwo przemysłowe",https://www.gpw.pl/spolka?isin=PLPRCHM00014
"PROTEKTOR SPÓŁKA AKCYJNA (PRT)Główny Rynek | WIG-odzież, WIG-Poland, WIG | odzież i obuwie",https://www.gpw.pl/spolka?isin=PLLZPSK00019
"PRZEDSIĘBIORSTWO HYDRAULIKI SIŁOWEJ HYDROTOR S.A. (HDR)Główny Rynek | WIG-Poland, WIG | urządzenia mechaniczne",https://www.gpw.pl/spolka?isin=PLHDRTR00013
"PRZEDSIĘBIORSTWO PRODUKCYJNO HANDLOWE KOMPAP SPÓŁKA AKCYJNA (KMP)Główny Rynek | WIG-Poland, WIG | papier i opakowania",https://www.gpw.pl/spolka?isin=PLKOMPP00017
"PRZEDSIĘBIORSTWO PRZEMYSŁU SPOŻYWCZEGO PEPEES SPÓŁKA AKCYJNA (PPS)Główny Rynek | WIG-Poland, WIG-spożywczy, WIG | napoje",https://www.gpw.pl/spolka?isin=PLPEPES00018
"PURE BIOLOGICS SPÓŁKA AKCYJNA (PUR)Główny Rynek | WIGtechTR, WIGtech, WIG-Poland, WIG, CEEplus | Biotechnologia",https://www.gpw.pl/spolka?isin=PLPRBLG00010
"PZ CORMAY SPÓŁKA AKCYJNA (CRM)Główny Rynek | WIG-leki, WIG-Poland, WIG | Produkcja Leków",https://www.gpw.pl/spolka?isin=PLCMRAY00029
QUANTUM SOFTWARE SPÓŁKA AKCYJNA (QNT)Główny Rynek | systemy informatyczne,https://www.gpw.pl/spolka?isin=PLQNTUM00018
"QUERCUS TOWARZYSTWO FUNDUSZY INWESTYCYJNYCH SPÓŁKA AKCYJNA (QRS)Główny Rynek | WIG-Poland, WIG | zarządzanie aktywami",https://www.gpw.pl/spolka?isin=PLQRCUS00012
"RAEN SPÓŁKA AKCYJNA (RAE)Główny Rynek | WIG-energia, WIG-Poland, WIG | energia odnawialna",https://www.gpw.pl/spolka?isin=PLIQPRT00017
"RAFAKO SPÓŁKA AKCYJNA (RFK)Główny Rynek | WIG140, sWIG80TR, WIG-Poland, WIG-budownictwo, sWIG80, WIG | budownictwo przemysłowe",https://www.gpw.pl/spolka?isin=PLRAFAK00018
"RAINBOW TOURS SPÓŁKA AKCYJNA (RBW)Główny Rynek | WIG140, sWIG80TR, WIG-Poland, sWIG80, WIG | biura podróży",https://www.gpw.pl/spolka?isin=PLRNBWT00031
"RANK PROGRESS SPÓŁKA AKCYJNA (RNK)Główny Rynek | WIG-Poland, WIG-nieruchomości, WIG | wynajem nieruchomości",https://www.gpw.pl/spolka?isin=PLRNKPR00014
"RAWLPLUG SPÓŁKA AKCYJNA (RWL)Główny Rynek | WIG140, sWIG80TR, WIG-Poland, sWIG80, WIG | wyroby metalowe",https://www.gpw.pl/spolka?isin=PLKLNR000017
"REDAN SPÓŁKA AKCYJNA (RDN)Główny Rynek | WIG-odzież, WIG-Poland, WIG | odzież i obuwie",https://www.gpw.pl/spolka?isin=PLREDAN00019
REGNON SPÓŁKA AKCYJNA W LIKWIDACJI (REG)Główny Rynek | informatyka - pozostałe,https://www.gpw.pl/spolka?isin=PLPRNTC00017
REINHOLD EUROPE AB (RHD)Główny Rynek | wynajem nieruchomości,https://www.gpw.pl/spolka?isin=SE0001856519
REINO CAPITAL SPÓŁKA AKCYJNA (RNC)Główny Rynek | Działalność Inwestycyjna,https://www.gpw.pl/spolka?isin=PLWDM0000029
"RELPOL SPÓŁKA AKCYJNA (RLP)Główny Rynek | WIG-Poland, WIG | urządzenia elektryczne",https://www.gpw.pl/spolka?isin=PLRELPL00014
"REMAK-ENERGOMONTAŻ SPÓŁKA AKCYJNA (RMK)Główny Rynek | WIG-Poland, WIG-budownictwo, WIG | budownictwo przemysłowe",https://www.gpw.pl/spolka?isin=PLREMAK00016
"RESBUD SE (RES)Główny Rynek | WIG-Poland, WIG-budownictwo, WIG | budownictwo ogólne",https://www.gpw.pl/spolka?isin=PLRESBD00032
"RYVU THERAPEUTICS SPÓŁKA AKCYJNA (RVU)Główny Rynek | WIG140, WIGtechTR, WIG-ESG, WIGtech, mWIG40TR, WIG-Poland, mWIG40, WIG, CEEplus | Biotechnologia",https://www.gpw.pl/spolka?isin=PLSELVT00013
SADOVAYA GROUP S.A. (SGR)Główny Rynek | górnictwo węgla,https://www.gpw.pl/spolka?isin=LU0564351582
"SANOK RUBBER COMPANY SPÓŁKA AKCYJNA (SNK)Główny Rynek | WIG140, sWIG80TR, WIG-motoryzacja, WIG-Poland, sWIG80, WIG | części samochodowe",https://www.gpw.pl/spolka?isin=PLSTLSK00016
"SANTANDER BANK POLSKA SPÓŁKA AKCYJNA (SPL)Główny Rynek | WIG140, WIG-ESG, WIG30TR, WIG30, WIG20TR, WIG-Poland, WIG-banki, WIG20, WIG, CEEplus | banki komercyjne",https://www.gpw.pl/spolka?isin=PLBZ00000044
"SANWIL HOLDING SPÓŁKA AKCYJNA (SNW)Główny Rynek | WIG-odzież, WIG-Poland, WIG | odzież i obuwie",https://www.gpw.pl/spolka?isin=PLSANWL00012
"SATIS GROUP SPÓŁKA AKCYJNA (STS)Główny Rynek | WIG-Poland, WIG-informatyka, WIG | oprogramowanie",https://www.gpw.pl/spolka?isin=PLADVPL00029
"SCOPE FLUIDICS SPÓŁKA AKCYJNA (SCP)Główny Rynek | WIG140, INNOVATOR, WIGtechTR, WIGtech, sWIG80TR, WIG-Poland, sWIG80, WIG, CEEplus | Biotechnologia",https://www.gpw.pl/spolka?isin=PLSCPFL00018
"SECO/WARWICK SPÓŁKA AKCYJNA (SWG)Główny Rynek | WIG-Poland, WIG | urządzenia mechaniczne",https://www.gpw.pl/spolka?isin=PLWRWCK00013
"SEKO SPÓŁKA AKCYJNA (SEK)Główny Rynek | WIG-Poland, WIG-spożywczy, WIG | żywność",https://www.gpw.pl/spolka?isin=PLSEKO000014
"SELENA FM SPÓŁKA AKCYJNA (SEL)Główny Rynek | WIG140, sWIG80TR, WIG-Poland, WIG-budownictwo, sWIG80, WIG | materiały budowlane",https://www.gpw.pl/spolka?isin=PLSELNA00010
"SELVITA SPÓŁKA AKCYJNA (SLV)Główny Rynek | WIG140, WIGtechTR, WIG-ESG, WIGtech, mWIG40TR, WIG-Poland, mWIG40, WIG, CEEplus | Biotechnologia",https://www.gpw.pl/spolka?isin=PLSLVCR00029
SERINUS ENERGY PLC (SEN)Główny Rynek | wydobycie i produkcja,https://www.gpw.pl/spolka?isin=JE00BNNMKT29
"SESCOM SPÓŁKA AKCYJNA (SES)Główny Rynek | WIG-Poland, WIG | Usługi dla Przedsiębiorstw",https://www.gpw.pl/spolka?isin=PLSESCM00013
"SFINKS POLSKA SPÓŁKA AKCYJNA (SFS)Główny Rynek | WIG-Poland, WIG | hotele i restauracje",https://www.gpw.pl/spolka?isin=PLSFNKS00011
"SHOPER SPÓŁKA AKCYJNA (SHO)Główny Rynek | WIG140, WIGtechTR, WIGtech, sWIG80TR, WIG-Poland, WIG-informatyka, sWIG80, WIG, CEEplus | oprogramowanie",https://www.gpw.pl/spolka?isin=PLSHPR000021
"SILVAIR. INC. (SVRS)Główny Rynek | WIGtechTR, WIGtech, WIG-informatyka, WIG | oprogramowanie",https://www.gpw.pl/spolka?isin=USU827061099
"SIMFABRIC SPÓŁKA AKCYJNA (SIM)Główny Rynek | WIG-gry, WIGtechTR, WIGtech, WIG-Poland, WIG, CEEplus | Gry",https://www.gpw.pl/spolka?isin=PLSMFBC00016
"SKARBIEC HOLDING SPÓLKA AKCYJNA (SKH)Główny Rynek | WIG-Poland, WIG | zarządzanie aktywami",https://www.gpw.pl/spolka?isin=PLSKRBH00014
"SKYLINE INVESTMENT SPÓŁKA AKCYJNA (SKL)Główny Rynek | WIG-Poland, WIG | Działalność Inwestycyjna",https://www.gpw.pl/spolka?isin=PLSKLNW00011
SLEEPZ AG (SLZ)Główny Rynek | Handel Internetowy,https://www.gpw.pl/spolka?isin=DE000A2E3772
SOHO DEVELOPMENT SPÓŁKA AKCYJNA (SHD)Główny Rynek | sprzedaż nieruchomości,https://www.gpw.pl/spolka?isin=PLNFI0400015
SOLAR COMPANY SPÓŁKA AKCYJNA (SOL)Główny Rynek | odzież i obuwie,https://www.gpw.pl/spolka?isin=PLSLRCP00021
"SONEL SPÓŁKA AKCYJNA (SON)Główny Rynek | WIG-Poland, WIG | urządzenia elektryczne",https://www.gpw.pl/spolka?isin=PLSONEL00011
"SOPHARMA AD (SPH)Główny Rynek | WIG-leki, WIG-CEE, WIG | Produkcja Leków",https://www.gpw.pl/spolka?isin=BG11SOSOBT18
"SPYROSOFT SPÓŁKA AKCYJNA (SPR)Główny Rynek | WIG140, WIGtechTR, WIGtech, sWIG80TR, WIG-Poland, WIG-informatyka, sWIG80, WIG | oprogramowanie",https://www.gpw.pl/spolka?isin=PLSPRSF00011
"STALEXPORT AUTOSTRADY SPÓŁKA AKCYJNA (STX)Główny Rynek | WIG140, sWIG80TR, WIGdiv, WIG-Poland, sWIG80, WIG | transport i logistyka - pozostałe",https://www.gpw.pl/spolka?isin=PLSTLEX00019
"STALPRODUKT SPÓŁKA AKCYJNA (STP)Główny Rynek | WIG140, sWIG80TR, WIG-Poland, sWIG80, WIG, CEEplus | hutnictwo żelaza i stali",https://www.gpw.pl/spolka?isin=PLSTLPD00017
"STALPROFIL SPÓŁKA AKCYJNA (STF)Główny Rynek | WIG-Poland, WIG | wyroby hutnicze",https://www.gpw.pl/spolka?isin=PLSTLPF00012
STARHEDGE SPÓŁKA AKCYJNA (SHG)Główny Rynek | Działalność Inwestycyjna,https://www.gpw.pl/spolka?isin=PLHRDEX00021
STS HOLDING SPÓŁKA AKCYJNA (STH)Główny Rynek | rekreacja i wypoczynek - pozostałe,https://www.gpw.pl/spolka?isin=PLSTSHL00012
"SUNEX SPÓŁKA AKCYJNA (SNX)Główny Rynek | WIG140, sWIG80TR, WIG-Poland, sWIG80, WIG, CEEplus | urządzenia elektryczne",https://www.gpw.pl/spolka?isin=PLSUNEX00013
"SYGNITY SPÓŁKA AKCYJNA (SGN)Główny Rynek | WIG140, WIGtechTR, WIGtech, sWIG80TR, WIG-Poland, WIG-informatyka, sWIG80, WIG | systemy informatyczne",https://www.gpw.pl/spolka?isin=PLCMPLD00016
"SYNEKTIK SPÓŁKA AKCYJNA (SNT)Główny Rynek | WIG140, WIGtechTR, WIGtech, sWIG80TR, WIG-Poland, sWIG80, WIG, CEEplus | Biotechnologia",https://www.gpw.pl/spolka?isin=PLSNKTK00019
"SYNTHAVERSE SPÓŁKA AKCYJNA (SVE)Główny Rynek | WIG140, WIG-ESG, mWIG40TR, WIG-leki, WIG-Poland, mWIG40, WIG, CEEplus | Produkcja Leków",https://www.gpw.pl/spolka?isin=PLBMDLB00018
T-BULL SPÓŁKA AKCYJNA (TBL)Główny Rynek | Gry,https://www.gpw.pl/spolka?isin=PLTBULL00024
"TALEX SPÓŁKA AKCYJNA (TLX)Główny Rynek | WIGtechTR, WIGtech, WIG-Poland, WIG-informatyka, WIG | systemy informatyczne",https://www.gpw.pl/spolka?isin=PLTALEX00017
"TARCZYŃSKI SPÓŁKA AKCYJNA (TAR)Główny Rynek | WIG-Poland, WIG-spożywczy, WIG | żywność",https://www.gpw.pl/spolka?isin=PLTRCZN00016
"TATRY MOUNTAIN RESORTS. A.S. (TMR)Główny Rynek | WIG-CEE, WIG | hotele i restauracje",https://www.gpw.pl/spolka?isin=SK1120010287
"TAURON POLSKA ENERGIA SPÓŁKA AKCYJNA (TPE)Główny Rynek | WIG140, INNOVATOR, WIG-ESG, WIG.MS-BAS, mWIG40TR, WIG30TR, WIG30, WIG-energia, WIG-Poland, mWIG40, WIG, CEEplus | energetyka",https://www.gpw.pl/spolka?isin=PLTAURN00011
"TEN SQUARE GAMES SPÓŁKA AKCYJNA (TEN)Główny Rynek | WIG140, WIG-gry, WIGtechTR, WIG-ESG, WIGtech, WIG.GAMES5, mWIG40TR, WIGdiv, WIG-Poland, mWIG40, WIG, CEEplus | Gry",https://www.gpw.pl/spolka?isin=PLTSQGM00016
"TENDERHUT SPÓŁKA AKCYJNA (THG)Główny Rynek | WIGtechTR, WIGtech, WIG-Poland, WIG | Nowe Technologie",https://www.gpw.pl/spolka?isin=PLTNDRH00012
TERMO-REX SPÓŁKA AKCYJNA (TRR)Główny Rynek | dystrybucja paliw i gazu,https://www.gpw.pl/spolka?isin=PLTRMRX00011
"TESGAS SPÓŁKA AKCYJNA (TSG)Główny Rynek | WIG-Poland, WIG-budownictwo, WIG | inżynieria lądowa i wodna",https://www.gpw.pl/spolka?isin=PLTSGS000019
"TEXT SPÓŁKA AKCYJNA (TXT)Główny Rynek | WIG140, WIGtechTR, WIG-ESG, WIGtech, mWIG40TR, WIG30TR, WIG30, WIGdiv, WIG-Poland, WIG-informatyka, mWIG40, WIG, CEEplus | oprogramowanie",https://www.gpw.pl/spolka?isin=PLLVTSF00010
"TIM SPÓŁKA AKCYJNA (TIM)Główny Rynek | WIG140, WIG-ESG, mWIG40TR, WIGdiv, WIG-Poland, mWIG40, WIG, CEEplus | artykuły elektryczne",https://www.gpw.pl/spolka?isin=PLTIM0000016
"TORPOL SPÓŁKA AKCYJNA (TOR)Główny Rynek | WIG140, sWIG80TR, WIG-Poland, WIG-budownictwo, sWIG80, WIG, CEEplus | inżynieria lądowa i wodna",https://www.gpw.pl/spolka?isin=PLTORPL00016
TOWER INVESTMENTS SPÓŁKA AKCYJNA (TOW)Główny Rynek | sprzedaż nieruchomości,https://www.gpw.pl/spolka?isin=PLTWRNV00013
"TOYA SPÓŁKA AKCYJNA (TOA)Główny Rynek | WIG140, sWIG80TR, WIG-Poland, sWIG80, WIG | handel hurtowy - pozostałe",https://www.gpw.pl/spolka?isin=PLTOYA000011
TRAKCJA SPÓŁKA AKCYJNA (TRK)Główny Rynek | inżynieria lądowa i wodna,https://www.gpw.pl/spolka?isin=PLTRKPL00014
"TRANS POLONIA SPÓŁKA AKCYJNA (TRN)Główny Rynek | WIG-Poland, WIG | transport",https://www.gpw.pl/spolka?isin=PLTRNSP00013
TRITON DEVELOPMENT SPÓŁKA AKCYJNA (TRI)Główny Rynek | sprzedaż nieruchomości,https://www.gpw.pl/spolka?isin=PLASMOT00030
"ULMA CONSTRUCCION POLSKA SPÓŁKA AKCYJNA (ULM)Główny Rynek | WIG-Poland, WIG-budownictwo, WIG | materiały budowlane",https://www.gpw.pl/spolka?isin=PLBAUMA00017
"ULTIMATE GAMES SPÓŁKA AKCYJNA (ULG)Główny Rynek | WIG-gry, WIGtechTR, WIGtech, WIG-Poland, WIG | Gry",https://www.gpw.pl/spolka?isin=PLULTGM00013
"UNFOLD.VC ASI SPÓŁKA AKCYJNA (UNF)Główny Rynek | WIG-Poland, WIG | Działalność Inwestycyjna",https://www.gpw.pl/spolka?isin=PLVNTIN00011
"UNIBEP SPÓŁKA AKCYJNA (UNI)Główny Rynek | WIG-Poland, WIG-budownictwo, WIG | budownictwo ogólne",https://www.gpw.pl/spolka?isin=PLUNBEP00015
"UNICREDIT S.P.A. (UCG)Główny Rynek | WIG-banki, WIG | banki komercyjne",https://www.gpw.pl/spolka?isin=IT0005239360
"UNIMA 2000 SYSTEMY TELEINFORMATYCZNE SPÓŁKA AKCYJNA (U2K)Główny Rynek | WIGtechTR, WIGtech, WIG-Poland, WIG-informatyka, WIG | systemy informatyczne",https://www.gpw.pl/spolka?isin=PLUNMST00014
"UNIMOT SPÓŁKA AKCYJNA (UNT)Główny Rynek | WIG140, sWIG80TR, WIG-Poland, WIG-paliwa, sWIG80, WIG, CEEplus | dystrybucja paliw i gazu",https://www.gpw.pl/spolka?isin=PLUNMOT00013
"URTESTE SPÓŁKA AKCYJNA (URT)Główny Rynek | WIGtechTR, WIGtech, WIG-Poland, WIG | Biotechnologia",https://www.gpw.pl/spolka?isin=PLURTST00010
"VERCOM SPÓŁKA AKCYJNA (VRC)Główny Rynek | WIG140, WIGtechTR, WIGtech, sWIG80TR, WIG-Poland, WIG-informatyka, sWIG80, WIG | systemy informatyczne",https://www.gpw.pl/spolka?isin=PLVRCM000016
"VIGO PHOTONICS SPÓŁKA AKCYJNA (VGO)Główny Rynek | WIG140, INNOVATOR, WIGtechTR, WIGtech, sWIG80TR, WIG-Poland, sWIG80, WIG | Nowe Technologie",https://www.gpw.pl/spolka?isin=PLVIGOS00015
VISTAL GDYNIA SPÓŁKA AKCYJNA (VTL)Główny Rynek | inżynieria lądowa i wodna,https://www.gpw.pl/spolka?isin=PLVTLGD00010
"VIVID GAMES SPÓŁKA AKCYJNA (VVD)Główny Rynek | WIG-gry, WIGtechTR, WIGtech, WIG-Poland, WIG | Gry",https://www.gpw.pl/spolka?isin=PLVVDGM00014
"VOTUM SPÓŁKA AKCYJNA (VOT)Główny Rynek | WIG140, sWIG80TR, WIG-Poland, sWIG80, WIG, CEEplus | ubezpieczenia - pozostałe",https://www.gpw.pl/spolka?isin=PLVOTUM00016
"VOXEL SPÓŁKA AKCYJNA (VOX)Główny Rynek | WIG140, sWIG80TR, WIGdiv, WIG-Poland, sWIG80, WIG | Sprzęt i Materiały Medyczne",https://www.gpw.pl/spolka?isin=PLVOXEL00014
"VRG SPÓŁKA AKCYJNA (VRG)Główny Rynek | WIG140, sWIG80TR, WIG-odzież, WIG-Poland, sWIG80, WIG | odzież i obuwie",https://www.gpw.pl/spolka?isin=PLVSTLA00011
"WARIMPEX FINANZ- UND BETEILIGUNGS AG (WXF)Główny Rynek | WIG-nieruchomości, WIG | wynajem nieruchomości",https://www.gpw.pl/spolka?isin=AT0000827209
"WASKO SPÓŁKA AKCYJNA (WAS)Główny Rynek | WIGtechTR, WIGtech, WIG-Poland, WIG-informatyka, WIG | systemy informatyczne",https://www.gpw.pl/spolka?isin=PLHOGA000041
"WAWEL SPÓŁKA AKCYJNA (WWL)Główny Rynek | WIG140, sWIG80TR, WIG-Poland, WIG-spożywczy, sWIG80, WIG | żywność",https://www.gpw.pl/spolka?isin=PLWAWEL00013
"WIELTON SPÓŁKA AKCYJNA (WLT)Główny Rynek | WIG140, sWIG80TR, WIG-Poland, sWIG80, WIG, CEEplus | środki transportu",https://www.gpw.pl/spolka?isin=PLWELTN00012
"WIKANA SPÓŁKA AKCYJNA (WIK)Główny Rynek | WIG-Poland, WIG-nieruchomości, WIG | sprzedaż nieruchomości",https://www.gpw.pl/spolka?isin=PLELPO000016
"WIRTUALNA POLSKA HOLDING SPÓŁKA AKCYJNA (WPL)Główny Rynek | WIG140, WIG-ESG, mWIG40TR, WIG-Poland, WIG-media, mWIG40, WIG, CEEplus | portale internetowe",https://www.gpw.pl/spolka?isin=PLWRTPL00027
WISE FINANCE SPÓŁKA AKCYJNA (IBS)Główny Rynek | sprzedaż nieruchomości,https://www.gpw.pl/spolka?isin=PLPLPGR00010
"WITTCHEN SPÓŁKA AKCYJNA (WTN)Główny Rynek | WIG140, sWIG80TR, WIG-odzież, WIG-Poland, sWIG80, WIG, CEEplus | odzież i obuwie",https://www.gpw.pl/spolka?isin=PLWTCHN00030
"WOJAS SPÓŁKA AKCYJNA (WOJ)Główny Rynek | WIG-odzież, WIG-Poland, WIG | odzież i obuwie",https://www.gpw.pl/spolka?isin=PLWOJAS00014
"XPLUS SPÓŁKA AKCYJNA (XPL)Główny Rynek | WIG-Poland, WIG-informatyka, WIG | informatyka - pozostałe",https://www.gpw.pl/spolka?isin=PLXPLUS00013
"XTB SPÓŁKA AKCYJNA (XTB)Główny Rynek | WIG140, WIG-ESG, mWIG40TR, WIG30TR, WIG30, WIGdiv, WIG-Poland, mWIG40, WIG, CEEplus | giełdy i biura maklerskie",https://www.gpw.pl/spolka?isin=PLXTRDM00011
"XTPL SPÓŁKA AKCYJNA (XTP)Główny Rynek | WIG140, INNOVATOR, WIGtechTR, WIGtech, sWIG80TR, WIG-Poland, sWIG80, WIG, CEEplus | Nowe Technologie",https://www.gpw.pl/spolka?isin=PLXTPL000018
"ZAKŁAD BUDOWY MASZYN ZREMB-CHOJNICE SPÓŁKA AKCYJNA (ZRE)Główny Rynek | WIG-Poland, WIG, CEEplus | urządzenia mechaniczne",https://www.gpw.pl/spolka?isin=PLZBMZC00019
"ZAKŁADY MAGNEZYTOWE ROPCZYCE SPÓŁKA AKCYJNA (RPC)Główny Rynek | WIG-Poland, WIG-budownictwo, WIG | materiały budowlane",https://www.gpw.pl/spolka?isin=PLROPCE00017
"ZAKŁADY PRZEMYSŁU CUKIERNICZEGO OTMUCHÓW SPÓŁKA AKCYJNA (OTM)Główny Rynek | WIG-Poland, WIG-spożywczy, WIG | żywność",https://www.gpw.pl/spolka?isin=PLZPCOT00018
"ZAKŁADY URZĄDZEŃ KOMPUTEROWYCH ELZAB SPÓŁKA AKCYJNA (ELZ)Główny Rynek | WIGtechTR, WIGtech, WIG-Poland, WIG-informatyka, WIG | sprzęt informatyczny",https://www.gpw.pl/spolka?isin=PLELZAB00010
"ZAKŁADY URZĄDZEŃ KOTŁOWYCH STĄPORKÓW SPÓŁKA AKCYJNA (ZUK)Główny Rynek | WIG-Poland, WIG | wyroby metalowe",https://www.gpw.pl/spolka?isin=PLSTPRK00019
"ZAMET SPÓŁKA AKCYJNA (ZMT)Główny Rynek | WIG-Poland, WIG | urządzenia mechaniczne",https://www.gpw.pl/spolka?isin=PLZAMET00010
"ZE PAK SPÓŁKA AKCYJNA (ZEP)Główny Rynek | WIG140, WIG-ESG, mWIG40TR, WIG-energia, WIG-Poland, mWIG40, WIG, CEEplus | energetyka",https://www.gpw.pl/spolka?isin=PLZEPAK00012
"ZESPÓŁ ELEKTROCIEPŁOWNI WROCŁAWSKICH KOGENERACJA SPÓŁKA AKCYJNA (KGN)Główny Rynek | WIG140, sWIG80TR, WIG-energia, WIG-Poland, sWIG80, WIG | energetyka",https://www.gpw.pl/spolka?isin=PLKGNRC00015
"ZUE SPÓŁKA AKCYJNA (ZUE)Główny Rynek | WIG-Poland, WIG-budownictwo, WIG | instalacje budowlane i telekomunikacyjne",https://www.gpw.pl/spolka?isin=PLZUE0000015